available_at,AMD,KZT,KGS,TJS,UZS,USD,EUR,CNY
2020-01-02,0.129239,0.161665,0.886979,6.389800,0.006511,61.905700,69.377700,8.886960
2020-01-11,0.127904,0.162524,0.879036,6.319300,0.006402,61.234000,68.055500,8.834930
2020-01-12,0.127965,0.162192,0.879458,6.316970,0.006443,61.263200,68.045000,8.839780
2020-01-15,0.127305,0.161098,0.874924,6.284470,0.006389,60.947400,67.816200,8.840000
2020-01-16,0.128013,0.161775,0.879451,6.333820,0.006430,61.414000,68.421300,8.919710
2020-01-17,0.128252,0.162060,0.878622,6.339810,0.006432,61.432800,68.374700,8.920240
2020-01-18,0.128336,0.163176,0.882118,6.350630,0.006447,61.569400,68.656000,8.942150
2020-01-19,0.128261,0.163535,0.880916,6.346910,0.006449,61.533300,68.535800,8.971050
2020-01-22,0.128387,0.163420,0.879872,6.340690,0.006453,61.465400,68.208200,8.958660
2020-01-23,0.129337,0.163998,0.885199,6.380250,0.006486,61.855200,68.622200,8.955180
2020-01-24,0.129293,0.163921,0.885026,6.377960,0.006477,61.834300,68.518600,8.958380
2020-01-25,0.129538,0.163904,0.886831,6.393340,0.006474,61.951500,68.685600,8.939090
2020-01-26,0.129160,0.163252,0.884453,6.378030,0.006459,61.803100,68.292400,8.909580
2020-01-29,0.130278,0.163821,0.892172,6.429910,0.006507,62.338000,68.777500,8.986690
2020-01-30,0.131306,0.164940,0.899276,6.479310,0.006582,62.829900,69.226000,9.057610
2020-01-31,0.130394,0.164837,0.892901,6.435760,0.006524,62.393400,68.676400,8.994680
2020-02-01,0.131736,0.166092,0.902095,6.501900,0.006612,63.035900,69.415100,9.087300
2020-02-02,0.131951,0.166537,0.903564,6.512480,0.006602,63.138500,69.597600,9.102090
2020-02-05,0.133561,0.167751,0.914723,6.591960,0.006713,63.909100,70.792100,9.097380
2020-02-06,0.132569,0.167207,0.907795,6.542980,0.006656,63.434200,70.126500,9.074470
2020-02-07,0.132025,0.166588,0.904075,6.514280,0.006619,63.174200,69.744300,9.024890
2020-02-08,0.131239,0.166431,0.898815,6.477400,0.006582,62.797700,69.083700,9.009580
2020-02-09,0.132592,0.167572,0.908336,6.546950,0.006648,63.472000,69.628800,9.085990
2020-02-12,0.133203,0.168361,0.912612,6.579120,0.006696,63.770800,69.822600,9.129940
2020-02-13,0.133575,0.169032,0.915163,6.596760,0.006715,63.949000,69.768400,9.165420
2020-02-14,0.131760,0.167549,0.902254,6.503380,0.006630,63.047000,68.784300,9.041850
2020-02-15,0.132849,0.168785,0.910191,6.560250,0.006684,63.601600,69.179500,9.111590
2020-02-16,0.132609,0.167833,0.908073,6.543900,0.006653,63.453600,68.771000,9.090900
2020-02-19,0.132306,0.167940,0.905997,6.528940,0.006642,63.308500,68.620100,9.069470
2020-02-20,0.133270,0.169052,0.912598,6.575900,0.006687,63.769800,69.088200,9.103730
2020-02-21,0.133070,0.168766,0.911541,6.566720,0.006688,63.687300,68.782300,9.106250
2020-02-22,0.133211,0.169426,0.912206,6.573840,0.006694,63.741300,68.770500,9.084880
2020-02-23,0.134521,0.170777,0.920197,6.633940,0.006748,64.300800,69.419100,9.135710
2020-02-27,0.135748,0.172127,0.929077,6.699820,0.006811,64.921300,70.459100,9.253190
2020-02-28,0.136995,0.173201,0.937746,6.756630,0.006883,65.517700,71.243900,9.335930
2020-02-29,0.137173,0.172668,0.938929,6.776460,0.006905,65.609700,71.645800,9.350910
2020-03-01,0.139914,0.175541,0.958695,6.919120,0.007050,66.990900,73.723500,9.583410
2020-03-04,0.138688,0.174076,0.949199,6.852000,0.006963,66.327400,73.417800,9.533630
2020-03-05,0.138786,0.174679,0.950864,6.863310,0.006985,66.443700,73.938500,9.517790
2020-03-06,0.137951,0.173971,0.945636,6.815720,0.006945,66.078400,73.736900,9.530170
2020-03-07,0.138174,0.173795,0.947167,6.836630,0.006973,66.185400,73.684200,9.533920
2020-03-08,0.140955,0.176482,0.966369,6.974230,0.007114,67.517500,75.842400,9.728610
2020-03-12,0.150435,0.181834,1.030680,7.432490,0.007584,72.020800,81.858800,10.366600
2020-03-13,0.147975,0.180448,1.022820,7.382710,0.007509,71.472000,81.020700,10.282900
2020-03-14,0.152870,0.185031,1.016520,7.630900,0.007792,74.027400,83.658400,10.598500
2020-03-15,0.151112,0.180054,1.004180,7.549070,0.007682,73.188200,81.861000,10.465300
2020-03-18,0.151951,0.170176,1.016690,7.630080,0.007773,74.126200,82.747100,10.592800
2020-03-19,0.150872,0.169439,1.013450,7.592830,0.007760,73.889600,82.305600,10.539800
2020-03-20,0.157658,0.175053,1.059030,7.930270,0.008110,77.213100,84.888100,10.990600
2020-03-21,0.163153,0.175348,1.099440,8.228400,0.008420,80.157000,87.266900,11.303700
2020-03-22,0.158530,0.174352,1.071680,8.007420,0.008198,78.044300,84.155200,11.046300
2020-03-25,0.163811,0.180489,1.109500,8.294260,0.008496,80.881500,86.705000,11.363400
2020-03-26,0.159695,0.175954,1.081720,7.730320,0.008269,78.849300,85.425300,11.140500
2020-03-27,0.157555,0.173596,1.067380,7.630490,0.008161,77.792800,84.148500,10.956000
2020-03-28,0.159196,0.176456,0.986901,7.714090,0.008258,78.722300,85.964800,11.096100
2020-03-29,0.157194,0.174278,0.972264,7.624570,0.008154,77.732500,85.738900,10.961100
2020-04-08,0.152434,0.173999,0.899985,7.483580,0.007950,76.407400,82.634600,10.772500
2020-04-09,0.150534,0.172656,0.888770,7.390300,0.007809,75.455000,82.012000,10.696000
2020-04-10,0.151697,0.173788,0.892242,7.404680,0.007808,75.749900,82.234100,10.717800
2020-04-11,0.149210,0.172467,0.878756,7.289200,0.007775,74.605000,81.088200,10.569400
2020-04-12,0.149582,0.171386,0.947875,7.209340,0.007612,73.751500,80.735800,10.482600
2020-04-15,0.149690,0.171816,0.944715,7.183630,0.007663,73.524500,80.538700,10.431200
2020-04-16,0.150699,0.172131,0.936555,7.163170,0.007510,73.315000,80.118600,10.383400
2020-04-17,0.151801,0.172887,0.934125,7.195170,0.007527,73.714500,80.673100,10.438000
2020-04-18,0.154045,0.174510,0.937245,7.290740,0.007382,74.711900,81.279100,10.561500
2020-04-19,0.152604,0.173283,0.923906,7.217580,0.007292,73.944100,80.111000,10.448800
2020-04-22,0.154284,0.174402,0.928993,7.288010,0.007383,74.665700,81.101900,10.553000
2020-04-23,0.158077,0.176468,0.958466,7.441440,0.007531,76.256200,82.616000,10.758000
2020-04-24,0.160220,0.176045,0.966034,7.519920,0.007609,77.041600,83.682600,10.875900
2020-04-25,0.156584,0.173859,0.934099,7.331450,0.007408,75.129000,81.146800,10.612500
2020-04-26,0.155773,0.172705,0.928614,7.292950,0.007367,74.716300,80.252800,10.549300
2020-04-29,0.154813,0.172794,0.926501,7.271450,0.007349,74.496000,80.761100,10.515900
2020-04-30,0.154968,0.172853,0.927433,7.282290,0.007356,74.570600,80.774900,10.525000
2020-05-01,0.153641,0.171546,0.928494,7.192720,0.007269,73.689400,80.048800,10.415300
2020-05-02,0.151668,0.171298,0.909415,7.096980,0.007187,72.726300,79.118900,10.313000
2020-05-08,0.153900,0.175722,0.937366,7.218530,0.007303,73.971900,80.059800,10.426500
2020-05-09,0.153292,0.175649,0.939516,7.230920,0.007317,74.116900,80.061100,10.450800
2020-05-10,0.152377,0.175070,0.935934,7.196540,0.007282,73.872500,80.003900,10.434600
2020-05-14,0.150569,0.174648,0.941115,7.153690,0.007257,73.432600,79.439400,10.357600
2020-05-15,0.150783,0.174485,0.949025,7.166490,0.007259,73.581900,79.777500,10.372000
2020-05-16,0.151601,0.174750,0.960536,7.205630,0.007293,73.929800,79.903300,10.420600
2020-05-17,0.150104,0.174108,0.950722,7.131570,0.007216,73.205600,79.127900,10.310800
2020-05-20,0.149979,0.174819,0.952587,7.113040,0.007194,72.979800,78.942200,10.258300
2020-05-21,0.148991,0.174329,0.944408,7.064340,0.007136,72.391800,79.167700,10.185700
2020-05-22,0.149490,0.174116,0.949758,7.050500,0.007128,72.338100,79.181300,10.179100
2020-05-23,0.146658,0.171748,0.936640,6.921100,0.007002,70.924000,77.796500,9.989160
2020-05-24,0.149238,0.172702,0.957688,7.014430,0.007099,71.880400,78.443100,10.063600
2020-05-27,0.148110,0.172748,0.954298,6.971390,0.007065,71.596200,77.882300,10.028000
2020-05-28,0.147015,0.172106,0.948228,6.942260,0.007014,71.140800,77.785400,9.969420
2020-05-29,0.146734,0.172231,0.959032,6.934720,0.007009,71.063500,77.906900,9.933120
2020-05-30,0.146931,0.172177,0.967137,6.929940,0.007012,71.101200,78.261100,9.930890
2020-05-31,0.146212,0.171643,0.959470,6.904320,0.006978,70.752000,78.548900,9.900790
2020-06-03,0.144062,0.170579,0.944663,6.802770,0.006876,69.711400,77.637600,9.773220
2020-06-04,0.142586,0.171470,0.938294,6.715320,0.006797,68.983100,76.778200,9.701170
2020-06-05,0.140997,0.171193,0.929192,6.652840,0.006734,68.341300,76.624300,9.610380
2020-06-06,0.143036,0.172213,0.938984,6.718430,0.006801,69.015100,77.324500,9.690680
2020-06-07,0.141801,0.171363,0.928371,6.671390,0.006762,68.631900,77.965800,9.684470
2020-06-10,0.141580,0.171831,0.919892,6.645170,0.006731,68.312300,77.186100,9.654900
2020-06-11,0.142656,0.171665,0.925237,6.675530,0.006768,68.674500,77.348100,9.688020
2020-06-12,0.142037,0.171565,0.925657,6.665210,0.006762,68.618300,77.922900,9.710230
2020-06-13,0.143050,0.172695,0.929530,6.719020,0.006809,69.121900,78.522500,9.776240
2020-06-17,0.145776,0.173406,0.940994,6.841110,0.006917,70.395000,79.145100,9.922480
2020-06-18,0.144445,0.172546,0.931259,6.770430,0.006862,69.752400,79.043400,9.849110
2020-06-19,0.144034,0.171750,0.927666,6.740940,0.006830,69.482200,78.382900,9.806390
2020-06-20,0.144436,0.171640,0.931286,6.754110,0.006838,69.618000,78.292400,9.831660
2020-06-21,0.144762,0.172250,0.928919,6.749700,0.006841,69.572500,78.004700,9.828980
2020-06-24,0.144577,0.172435,0.927205,6.742700,0.006839,69.483500,77.828500,9.817800
2020-06-25,0.142995,0.171556,0.917600,6.676780,0.006767,68.837600,77.683200,9.742920
2020-06-26,0.143203,0.171257,0.917655,6.678400,0.006767,68.837600,77.759000,9.730250
2020-06-27,0.144120,0.171710,0.927020,6.744270,0.006824,69.466000,78.058900,9.814080
2020-06-28,0.143509,0.171681,0.919878,6.706610,0.006795,69.128400,77.541300,9.766380
2020-07-01,0.145127,0.172845,0.926883,6.788090,0.006869,69.951300,78.681200,9.882780
2020-07-02,0.146204,0.174099,0.926665,6.833980,0.006924,70.441300,78.992900,9.958060
2020-07-03,0.146038,0.173349,0.926668,6.835640,0.006913,70.441300,79.190100,9.975680
2020-07-04,0.146216,0.173372,0.927892,6.841600,0.006925,70.519800,79.518100,9.980160
2020-07-05,0.145691,0.173344,0.894505,6.839670,0.006930,70.499900,79.220700,9.975220
2020-07-08,0.146973,0.175261,0.904767,6.926300,0.007000,71.340900,80.558100,10.142400
2020-07-09,0.149014,0.176048,0.934419,7.010380,0.007086,72.171900,81.467600,10.274200
2020-07-10,0.146399,0.173516,0.916660,6.911270,0.006995,71.237900,80.406200,10.150500
2020-07-11,0.146114,0.172288,0.908093,6.876550,0.006959,70.880000,80.413400,10.145100
2020-07-12,0.146383,0.172279,0.915260,6.910480,0.006991,71.229800,80.268900,10.166400
2020-07-15,0.145303,0.171737,0.909038,6.863730,0.006935,70.747900,80.093700,10.101600
2020-07-16,0.146202,0.172136,0.915066,6.902230,0.006962,71.127500,80.623000,10.133400
2020-07-17,0.145230,0.171488,0.913113,6.868770,0.006945,70.799800,80.839200,10.129200
2020-07-18,0.146959,0.172491,0.917360,6.910600,0.006971,71.231000,81.231800,10.178900
2020-07-19,0.148322,0.173074,0.925662,6.957450,0.007018,71.713900,81.682100,10.244300
2020-07-22,0.148622,0.173233,0.927628,6.981600,0.007048,71.962800,82.390200,10.295000
2020-07-23,0.146626,0.171768,0.914913,6.893330,0.006960,70.966800,81.249900,10.147500
2020-07-24,0.146015,0.171553,0.912609,6.872630,0.006933,70.788100,81.590400,10.105500
2020-07-25,0.146165,0.171707,0.918615,6.884600,0.006950,70.963000,82.189300,10.142400
2020-07-26,0.147380,0.172761,0.935595,6.946150,0.007008,71.597400,83.103100,10.203300
2020-07-29,0.147082,0.172606,0.933416,6.939890,0.007007,71.585000,83.775900,10.224400
2020-07-30,0.147740,0.173267,0.938293,6.974020,0.007043,71.919600,84.261000,10.263100
2020-07-31,0.148876,0.173026,0.942405,7.002890,0.007077,72.234800,84.912000,10.319100
2020-08-01,0.151452,0.174620,0.955156,7.114020,0.007187,73.363300,86.253200,10.472400
2020-08-02,0.150958,0.174086,0.956287,7.118380,0.007193,73.426100,87.288900,10.520400
2020-08-05,0.152810,0.175969,0.965827,7.192880,0.007258,74.158600,87.225300,10.627800
2020-08-06,0.151144,0.174807,0.954602,7.113970,0.007187,73.380600,86.501100,10.509100
2020-08-07,0.150845,0.174965,0.953433,7.106000,0.007177,73.280600,86.625000,10.539600
2020-08-08,0.150257,0.174536,0.949801,7.082640,0.007154,73.039700,86.617800,10.517600
2020-08-09,0.151549,0.175461,0.954473,7.140620,0.007212,73.637600,87.172200,10.579800
2020-08-12,0.152019,0.175705,0.957157,7.153940,0.007206,73.775000,86.825800,10.584800
2020-08-13,0.150736,0.174784,0.944540,7.093550,0.007142,73.152200,85.924600,10.523400
2020-08-14,0.150938,0.174461,0.943360,7.103310,0.007158,73.235100,85.956000,10.543900
2020-08-15,0.151454,0.175513,0.945088,7.135890,0.007194,73.606700,87.039900,10.599400
2020-08-16,0.150774,0.174414,0.941076,7.097980,0.007138,73.215700,86.409200,10.534000
2020-08-19,0.150449,0.174447,0.933391,7.072220,0.007114,72.967600,86.466600,10.511000
2020-08-20,0.151406,0.175411,0.943303,7.122420,0.007155,73.432100,87.340100,10.602400
2020-08-21,0.150915,0.174992,0.940261,7.098540,0.007148,73.239200,87.403700,10.598200
2020-08-22,0.152043,0.175968,0.946997,7.150090,0.007189,73.771100,87.426100,10.657000
2020-08-23,0.152878,0.176563,0.952885,7.181960,0.007218,74.099900,87.734300,10.717400
2020-08-26,0.153124,0.177174,0.954082,7.212830,0.007249,74.418400,87.903000,10.766100
2020-08-27,0.153255,0.177779,0.956516,7.223710,0.007263,74.512600,88.059000,10.780800
2020-08-28,0.155396,0.179878,0.968739,7.323110,0.007360,75.537900,89.225400,10.960100
2020-08-29,0.154710,0.179179,0.962001,7.292020,0.007318,75.235400,88.996000,10.935500
2020-08-30,0.153324,0.177566,0.951240,7.234140,0.007260,74.638200,88.744800,10.871300
2020-09-02,0.151579,0.175623,0.940231,7.153270,0.007191,73.803900,87.826600,10.768200
2020-09-03,0.150851,0.175813,0.937441,7.137240,0.007170,73.584900,88.154700,10.784200
2020-09-04,0.151785,0.176320,0.943581,7.158590,0.007193,73.858800,87.736900,10.820500
2020-09-05,0.155316,0.179284,0.963932,7.316340,0.007350,75.468000,89.135300,11.040100
2020-09-06,0.154226,0.178606,0.955124,7.288640,0.007322,75.182300,89.038400,10.992200
2020-09-09,0.154900,0.178538,0.959774,7.321160,0.007362,75.591000,89.477100,11.066400
2020-09-10,0.155659,0.178997,0.964540,7.360900,0.007398,75.964500,89.736900,11.118300
2020-09-11,0.155438,0.177762,0.965925,7.364110,0.007409,76.071300,89.566300,11.111800
2020-09-12,0.154484,0.176842,0.957255,7.313230,0.007356,75.527400,89.303600,11.042700
2020-09-13,0.153368,0.175287,0.947970,7.256740,0.007293,74.889600,88.676800,10.954400
2020-09-16,0.153324,0.175062,0.946356,7.236300,0.007276,74.714800,88.581900,10.949800
2020-09-17,0.154201,0.176048,0.951123,7.285700,0.007323,75.188400,89.361400,11.092800
2020-09-18,0.154392,0.176263,0.948453,7.260450,0.007297,74.927800,88.864400,11.081200
2020-09-19,0.154498,0.177370,0.954240,7.286250,0.007323,75.194100,88.631300,11.113000
2020-09-20,0.154897,0.178291,0.949928,7.270530,0.007307,75.031900,88.957800,11.100700
2020-09-23,0.156699,0.180147,0.961636,7.368030,0.007405,76.038100,90.006300,11.226800
2020-09-24,0.157176,0.179846,0.963019,7.387030,0.007428,76.271100,89.481300,11.234800
2020-09-25,0.157237,0.179472,0.962959,7.398690,0.007436,76.354500,89.250800,11.242300
2020-09-26,0.158737,0.180664,0.972311,7.478490,0.007516,77.178000,89.981800,11.309100
2020-09-27,0.157967,0.179973,0.967779,7.440150,0.007481,76.819500,89.663700,11.265000
2020-09-30,0.162119,0.182769,0.989240,7.619500,0.007662,78.671300,91.479000,11.534500
2020-10-01,0.164075,0.184609,1.001980,7.717630,0.007760,79.684500,93.023700,11.679800
2020-10-02,0.161809,0.181995,0.989419,7.634180,0.007673,78.784700,92.430200,11.567100
2020-10-03,0.158355,0.179803,0.970490,7.484490,0.007487,77.277400,90.723700,11.379700
2020-10-04,0.160024,0.180435,0.982094,7.567010,0.007605,78.091500,91.577900,11.499600
2020-10-07,0.159445,0.180875,0.982554,7.570550,0.007609,78.128100,91.659900,11.505000
2020-10-08,0.160425,0.182463,0.985787,7.607740,0.007585,78.511900,92.518400,11.561500
2020-10-09,0.159600,0.182058,0.980516,7.567060,0.007544,78.092100,91.812900,11.499700
2020-10-10,0.158914,0.181817,0.978301,7.546310,0.007527,77.915700,91.699000,11.473700
2020-10-11,0.157073,0.180209,0.967160,7.463990,0.007442,77.028400,90.716300,11.472800
2020-10-14,0.156887,0.179946,0.967104,7.463560,0.007441,77.023900,91.003700,11.430400
2020-10-15,0.157597,0.180052,0.970388,7.478040,0.007466,77.285500,91.073200,11.467200
2020-10-16,0.157545,0.179988,0.969766,7.477110,0.007466,77.275900,90.706500,11.467500
2020-10-17,0.158640,0.181824,0.977889,7.541950,0.007530,77.946100,91.454200,11.580300
2020-10-18,0.158567,0.181697,0.974555,7.543730,0.007532,77.964400,91.304100,11.639800
2020-10-21,0.158705,0.181879,0.974051,7.550780,0.007511,77.924100,91.311500,11.640900
2020-10-22,0.157957,0.181347,0.950549,7.536630,0.007500,77.778000,91.560300,11.642400
2020-10-23,0.156157,0.180007,0.948296,7.464360,0.007434,77.032200,91.344800,11.570000
2020-10-24,0.155917,0.179869,0.953651,7.458240,0.007432,77.080900,91.356300,11.557700
2020-10-25,0.154694,0.178832,0.946720,7.409560,0.007380,76.466700,90.414200,11.466200
2020-10-28,0.154746,0.177844,0.947768,7.396640,0.007378,76.444300,90.448900,11.411000
2020-10-29,0.155007,0.177870,0.947833,7.397740,0.007379,76.455600,90.355200,11.384100
2020-10-30,0.157268,0.179960,0.955927,7.514730,0.007485,77.552000,91.263200,11.551500
2020-10-31,0.160077,0.182276,0.965407,7.631340,0.007612,78.869900,92.601100,11.752300
2020-11-01,0.160868,0.183154,0.971067,7.668660,0.007657,79.332300,92.628400,11.840300
2020-11-04,0.163554,0.184892,0.984696,7.786900,0.007777,80.574900,93.757000,12.025900
2020-11-05,0.162257,0.184591,0.977677,7.752000,0.007717,80.000600,93.344700,11.962300
2020-11-07,0.158930,0.181340,0.935007,6.926140,0.007572,78.455900,92.122900,11.814600
2020-11-08,0.156567,0.178491,0.920268,6.814170,0.007450,77.187500,91.351400,11.658900
2020-11-11,0.155410,0.178587,0.917798,6.794830,0.007427,76.951500,91.495300,11.711000
2020-11-12,0.154824,0.178067,0.911196,6.744450,0.007374,76.397800,90.355700,11.568900
2020-11-13,0.154226,0.178351,0.908924,6.729140,0.007343,76.207500,90.046800,11.512400
2020-11-14,0.155863,0.179612,0.916466,6.807750,0.007430,77.114800,90.810400,11.630700
2020-11-15,0.156215,0.179749,0.918636,6.826410,0.007463,77.326200,91.322200,11.689300
2020-11-18,0.154846,0.179116,0.906781,6.792030,0.007424,76.919700,91.172900,11.693700
2020-11-19,0.153581,0.177874,0.898922,6.731670,0.007338,76.253000,90.390300,11.626900
2020-11-20,0.152924,0.177507,0.895076,6.704350,0.007328,75.926800,90.231400,11.603700
2020-11-21,0.153369,0.178022,0.899327,6.732530,0.007339,76.262700,90.348400,11.580700
2020-11-22,0.152558,0.177499,0.896271,6.710400,0.007315,76.012000,90.264300,11.566000
2020-11-25,0.152052,0.178242,0.893142,6.688150,0.007312,75.760000,89.934700,11.532600
2020-11-26,0.152162,0.178560,0.893787,6.692970,0.007317,75.814600,89.893400,11.525700
2020-11-27,0.148715,0.178427,0.889828,6.662790,0.007247,75.472700,89.888000,11.471400
2020-11-28,0.148747,0.178314,0.889476,6.660940,0.007245,75.451800,90.029100,11.480300
2020-11-29,0.149699,0.178898,0.894298,6.696970,0.007284,75.859900,90.462900,11.524500
2020-12-02,0.149938,0.179066,0.898313,6.726980,0.007354,76.199900,91.203700,11.575400
2020-12-03,0.150311,0.179286,0.899745,6.739100,0.007319,76.320300,91.309600,11.613800
2020-12-04,0.148338,0.177755,0.891404,6.675360,0.007252,75.615100,91.305200,11.513000
2020-12-05,0.147958,0.177802,0.886512,6.638680,0.007212,75.199600,91.194600,11.465100
2020-12-06,0.145808,0.176335,0.875395,6.556550,0.007121,74.252900,90.261800,11.369800
2020-12-09,0.145804,0.175995,0.875316,6.554900,0.007166,74.250600,89.969500,11.356600
2020-12-10,0.144648,0.174931,0.868412,6.502920,0.007054,73.661800,89.204400,11.275200
2020-12-11,0.142549,0.174521,0.864177,6.487230,0.007020,73.305700,88.941800,11.212600
2020-12-12,0.143340,0.175322,0.869014,6.507380,0.007059,73.712400,89.133000,11.257800
2020-12-13,0.142131,0.174472,0.861982,6.455040,0.007002,73.119500,88.774400,11.177800
2020-12-16,0.139707,0.174209,0.859716,6.438070,0.007039,72.927200,88.584700,11.155700
2020-12-17,0.140632,0.174832,0.865590,6.485240,0.007019,73.445300,89.184600,11.221900
2020-12-18,0.140517,0.174918,0.884371,6.483010,0.007010,73.420100,89.322900,11.231000
2020-12-19,0.139671,0.173865,0.873705,6.458240,0.006975,72.978100,89.288700,11.169300
2020-12-20,0.140384,0.174669,0.881459,6.482360,0.007007,73.315500,89.826200,11.206900
2020-12-23,0.142982,0.177626,0.924993,6.602310,0.007130,74.672100,91.002900,11.401500
2020-12-24,0.144279,0.179089,0.934546,6.653400,0.007193,75.349800,92.069900,11.507500
2020-12-25,0.144485,0.179088,0.930621,6.662880,0.007204,75.457100,91.982200,11.541000
2020-12-26,0.143301,0.178341,0.922233,6.606860,0.007144,74.839200,91.348700,11.458200
2020-12-27,0.141043,0.175629,0.880746,6.505590,0.007034,73.692100,89.874900,11.297300
2020-12-30,0.141154,0.175397,0.881050,6.507830,0.007037,73.717500,90.127000,11.274200
2020-12-31,0.141037,0.175148,0.890251,6.502470,0.007030,73.656700,90.207400,11.278700
2021-01-01,0.141457,0.175481,0.891537,6.521800,0.007063,73.875700,90.682400,11.311900
2021-01-02,0.141457,0.175252,0.893546,6.521800,0.007051,73.875700,90.793200,11.295600
2021-01-13,0.142682,0.177507,0.896651,6.539330,0.007130,74.515700,90.812300,11.508200
2021-01-14,0.141933,0.176535,0.892485,6.517450,0.007091,74.266300,90.322700,11.483000
2021-01-15,0.140385,0.175443,0.883597,6.452510,0.007020,73.526400,89.783100,11.372800
2021-01-16,0.139938,0.175688,0.880126,6.476180,0.007055,73.796100,89.647500,11.408900
2021-01-17,0.139980,0.175321,0.870079,6.454170,0.007022,73.545300,89.254600,11.356900
2021-01-20,0.141023,0.175839,0.875334,6.491750,0.007063,73.973500,89.330400,11.390700
2021-01-21,0.141183,0.175580,0.870417,6.469880,0.007021,73.724300,89.206400,11.362800
2021-01-22,0.140486,0.175272,0.864766,6.437470,0.006986,73.355000,89.148300,11.341600
2021-01-23,0.141217,0.175298,0.864928,6.438740,0.006987,73.369400,88.967700,11.349600
2021-01-24,0.143017,0.176929,0.879526,6.525800,0.007082,74.361500,90.408700,11.478900
2021-01-27,0.143969,0.177938,0.882806,6.569280,0.007129,74.856900,91.145800,11.557500
2021-01-28,0.145607,0.178981,0.891734,6.637600,0.007190,75.635400,91.670100,11.679700
2021-01-29,0.144377,0.177866,0.884726,6.585340,0.007134,75.040000,91.218600,11.604400
2021-01-30,0.147031,0.179602,0.898336,6.685860,0.007243,76.185400,92.131000,11.763700
2021-01-31,0.146852,0.179782,0.898920,6.691770,0.007290,76.252700,92.296300,11.802400
2021-02-03,0.145687,0.178083,0.890107,6.626180,0.007178,75.505300,91.542600,11.678700
2021-02-04,0.146408,0.179123,0.894845,6.661260,0.007201,75.905100,91.625000,11.749800
2021-02-05,0.146013,0.179587,0.896918,6.676620,0.007218,76.080100,91.562400,11.781300
2021-02-06,0.145396,0.179521,0.892793,6.645840,0.007185,75.729300,90.920600,11.716500
2021-02-07,0.144319,0.178754,0.885508,6.591550,0.007181,75.110700,89.885000,11.591900
2021-02-10,0.141921,0.177342,0.875429,6.516910,0.007045,74.260200,89.401900,11.498100
2021-02-11,0.141570,0.177153,0.873818,6.504540,0.007086,74.119200,89.528600,11.493500
2021-02-12,0.140927,0.176833,0.871887,6.481140,0.007013,73.852600,89.568400,11.471200
2021-02-13,0.140746,0.176564,0.875702,6.472830,0.007004,73.757900,89.438800,11.420800
2021-02-14,0.141089,0.176362,0.877942,6.488620,0.007021,73.937800,89.605200,11.448700
2021-02-17,0.139890,0.175806,0.867179,6.433450,0.006953,73.309200,88.975400,11.351300
2021-02-18,0.139705,0.175885,0.867415,6.431720,0.006953,73.289500,88.944100,11.348300
2021-02-19,0.140898,0.176924,0.873941,6.473620,0.007007,73.766900,89.080900,11.422200
2021-02-20,0.140704,0.177243,0.873702,6.474370,0.007012,73.775500,88.870000,11.400400
2021-02-21,0.141208,0.177034,0.874668,6.491590,0.007035,73.971700,89.542700,11.452300
2021-02-22,0.141060,0.177231,0.873475,6.492610,0.007024,73.983300,89.660400,11.456600
2021-02-26,0.139949,0.177468,0.871028,6.472420,0.006996,73.753200,89.669100,11.430400
2021-02-27,0.139355,0.177054,0.868033,6.447980,0.006962,73.474700,89.499500,11.391100
2021-02-28,0.141047,0.178255,0.878764,6.532450,0.007063,74.437300,90.374300,11.523200
2021-03-03,0.140236,0.177018,0.873405,6.498010,0.007035,74.044800,89.446100,11.459900
2021-03-04,0.141442,0.177122,0.879317,6.544580,0.007091,74.575500,89.565200,11.527100
2021-03-05,0.139438,0.175216,0.866572,6.451840,0.007002,73.518700,88.876800,11.377100
2021-03-06,0.140345,0.175854,0.869844,6.475330,0.007036,73.786400,88.942100,11.407400
2021-03-07,0.141807,0.177065,0.877401,6.531590,0.007103,74.427500,88.933400,11.490900
2021-03-11,0.141331,0.176908,0.875474,6.517240,0.007079,74.264000,88.173600,11.393500
2021-03-12,0.140559,0.176016,0.872825,6.497530,0.007053,74.039300,87.958700,11.369100
2021-03-13,0.139402,0.175375,0.866463,6.450160,0.006997,73.499600,87.758500,11.320000
2021-03-14,0.139418,0.175378,0.866565,6.450910,0.006992,73.508100,87.798100,11.301500
2021-03-17,0.138828,0.174756,0.863305,6.426650,0.006962,73.231700,87.350800,11.261200
2021-03-18,0.138316,0.174154,0.860124,6.402970,0.006930,72.961900,86.985200,11.225300
2021-03-19,0.138516,0.174543,0.861774,6.415260,0.006938,73.101900,86.969300,11.241300
2021-03-20,0.139570,0.175753,0.868353,6.464080,0.006999,73.658200,88.117300,11.328200
2021-03-21,0.140481,0.175998,0.874000,6.503420,0.007051,74.139000,88.433000,11.398800
2021-03-24,0.141371,0.177217,0.879535,6.544610,0.007102,74.608500,88.657300,11.459900
2021-03-25,0.142792,0.178999,0.888377,6.610390,0.007173,75.358500,89.767000,11.575600
2021-03-26,0.144230,0.180887,0.897749,6.680130,0.007255,76.153500,90.051500,11.673700
2021-03-27,0.144269,0.179739,0.897991,6.681940,0.007249,76.174100,89.976800,11.657800
2021-03-28,0.143412,0.178629,0.893081,6.645400,0.007222,75.757600,89.257600,11.583000
2021-03-31,0.143411,0.178776,0.893927,6.651640,0.007220,75.828700,89.349000,11.553600
2021-04-01,0.143105,0.178268,0.892648,6.640550,0.007219,75.702300,88.882100,11.526800
2021-04-02,0.142914,0.177801,0.891882,6.633690,0.007221,75.637300,88.745200,11.538500
2021-04-03,0.143100,0.177325,0.893720,6.648600,0.007230,75.807300,88.952300,11.532800
2021-04-04,0.143602,0.178177,0.896806,6.671930,0.007264,76.073400,89.591600,11.595000
2021-04-07,0.143657,0.178982,0.903081,6.718580,0.007315,76.605200,89.995800,11.665000
2021-04-08,0.143235,0.177812,0.900437,6.698840,0.007293,76.380200,90.182100,11.660600
2021-04-09,0.145506,0.179758,0.916857,6.821000,0.007430,77.773000,92.332100,11.881400
2021-04-10,0.144249,0.177835,0.909060,6.762070,0.007358,77.101100,91.619200,11.772800
2021-04-11,0.144928,0.178025,0.909734,6.767730,0.007368,77.165700,91.780900,11.764700
2021-04-14,0.145483,0.178737,0.913893,6.797970,0.007397,77.510400,92.066900,11.830800
2021-04-15,0.149571,0.178166,0.910716,6.775430,0.007375,77.253500,91.916200,11.796900
2021-04-16,0.146247,0.175738,0.892289,6.637660,0.007213,75.682600,90.539100,11.583200
2021-04-17,0.148228,0.178318,0.907501,6.751520,0.007334,76.980800,92.230700,11.783400
2021-04-18,0.144961,0.175683,0.890885,6.626340,0.007190,75.553500,90.460200,11.583300
2021-04-21,0.146015,0.176828,0.898876,6.687340,0.007253,76.249100,91.476000,11.710600
2021-04-22,0.145498,0.176717,0.896193,6.666860,0.007222,76.015500,91.750700,11.702300
2021-04-23,0.147198,0.177616,0.905603,6.737400,0.007290,76.819800,92.291300,11.826400
2021-04-24,0.146340,0.176716,0.901001,6.702480,0.007242,76.421700,92.042300,11.776400
2021-04-25,0.143783,0.174361,0.885203,6.585630,0.007127,75.089300,90.467600,11.562700
2021-04-28,0.143267,0.173816,0.881421,6.557450,0.007094,74.768000,90.446800,11.524000
2021-04-29,0.144022,0.174521,0.883653,6.572360,0.007106,74.957800,90.466600,11.556900
2021-04-30,0.144033,0.174417,0.883471,6.570710,0.007117,74.939000,90.428900,11.555900
2021-05-01,0.143095,0.173809,0.876869,6.521900,0.007074,74.382300,90.151300,11.503600
2021-05-02,0.143761,0.174178,0.882325,6.562480,0.007122,74.845100,90.585000,11.565700
2021-05-06,0.144549,0.175462,0.887196,6.598570,0.007152,75.256700,90.451000,11.625300
2021-05-07,0.143722,0.175421,0.882609,6.563940,0.007120,74.861700,89.774200,11.564300
2021-05-08,0.143175,0.174836,0.879253,6.538970,0.007102,74.577000,89.678800,11.519600
2021-05-09,0.142175,0.173784,0.873980,6.500420,0.007065,74.137300,89.506000,11.478000
2021-05-13,0.141962,0.173525,0.875125,6.502120,0.007043,74.156700,90.004000,11.538100
2021-05-14,0.141812,0.173740,0.873477,6.491890,0.007023,74.040000,89.847500,11.493300
2021-05-15,0.142372,0.173708,0.878022,6.519650,0.007047,74.356600,89.934300,11.519800
2021-05-16,0.141458,0.172626,0.873773,6.488100,0.007013,73.996800,89.624900,11.498900
2021-05-19,0.141198,0.172614,0.872475,6.475550,0.007000,73.853700,89.658400,11.463900
2021-05-20,0.141211,0.173001,0.874009,6.462010,0.006975,73.699200,89.905700,11.471400
2021-05-21,0.141267,0.172162,0.874233,6.460130,0.006966,73.677800,90.100600,11.444900
2021-05-22,0.141344,0.171581,0.876149,6.453370,0.006953,73.600700,89.770800,11.435600
2021-05-23,0.141299,0.171534,0.876036,6.451580,0.006943,73.580300,89.944600,11.435800
2021-05-26,0.141251,0.171809,0.877322,6.446870,0.006951,73.526600,89.687700,11.435300
2021-05-27,0.140989,0.171967,0.877379,6.435450,0.006938,73.396300,89.954500,11.453000
2021-05-28,0.141146,0.171746,0.882262,6.442240,0.006930,73.473700,89.939200,11.488200
2021-05-29,0.141081,0.171289,0.884606,6.440860,0.006924,73.458000,89.655500,11.520800
2021-05-30,0.141302,0.171670,0.882232,6.452170,0.006949,73.587000,89.673100,11.559400
2021-06-02,0.140752,0.170912,0.876199,6.466390,0.006927,73.296500,89.377800,11.521900
2021-06-03,0.140683,0.171242,0.875633,6.421840,0.006930,73.241100,89.595800,11.486500
2021-06-04,0.141160,0.171562,0.870837,6.444360,0.006960,73.497900,89.689500,11.507400
2021-06-05,0.140716,0.171055,0.866955,6.423810,0.006944,73.263600,89.264400,11.458900
2021-06-06,0.140854,0.171039,0.865075,6.424560,0.006952,73.272100,88.754500,11.431800
2021-06-09,0.140243,0.170797,0.861036,6.434000,0.006914,72.929400,88.653000,11.401800
2021-06-10,0.140044,0.170175,0.860236,6.385410,0.006915,72.825600,88.643300,11.383100
2021-06-11,0.138666,0.168814,0.851460,6.359320,0.006829,72.082900,87.811400,11.277900
2021-06-12,0.138694,0.168845,0.853876,6.330330,0.006830,72.197400,87.806500,11.297600
2021-06-13,0.138037,0.167784,0.848280,6.284940,0.006770,71.679700,87.327400,11.215900
2021-06-17,0.138098,0.168305,0.847735,6.298270,0.006771,71.831800,87.211000,11.219200
2021-06-18,0.139684,0.169052,0.851646,6.315850,0.006785,72.032300,87.353600,11.258900
2021-06-19,0.139903,0.169505,0.857008,6.357280,0.006830,72.504800,86.701200,11.279000
2021-06-20,0.139410,0.168527,0.853006,6.332450,0.006826,72.221600,85.994300,11.212600
2021-06-23,0.141406,0.171027,0.865238,6.418120,0.006927,73.198700,86.894200,11.313000
2021-06-24,0.141315,0.171311,0.865397,6.415270,0.006911,73.166100,87.067700,11.302400
2021-06-25,0.141637,0.170003,0.859034,6.371510,0.006867,72.667100,86.713700,11.213400
2021-06-26,0.141259,0.168673,0.854157,6.341600,0.006841,72.326000,86.328300,11.173300
2021-06-27,0.142094,0.168760,0.852163,6.327870,0.006831,72.169400,86.191900,11.180600
2021-06-30,0.144630,0.169266,0.852281,6.328600,0.006825,72.177700,86.165700,11.178600
2021-07-01,0.145078,0.168899,0.854706,6.345660,0.006836,72.372300,86.202600,11.207000
2021-07-02,0.146806,0.169778,0.858689,6.376450,0.006857,72.723400,86.511800,11.254500
2021-07-03,0.146329,0.170648,0.860501,6.392690,0.006884,72.908600,86.411300,11.278700
2021-07-04,0.147811,0.172247,0.868057,6.500440,0.006953,73.617500,87.074800,11.356700
2021-07-07,0.148043,0.172029,0.864946,6.431740,0.006911,73.354000,87.027200,11.353500
2021-07-08,0.147047,0.171823,0.863908,6.424020,0.006916,73.266000,87.003400,11.336200
2021-07-09,0.148696,0.172914,0.873160,6.493470,0.006985,74.058000,87.558800,11.457500
2021-07-10,0.151010,0.174550,0.886452,6.593180,0.007077,75.195200,88.775500,11.601900
2021-07-11,0.149488,0.173424,0.877907,6.529370,0.007005,74.467500,88.139700,11.483000
2021-07-14,0.149701,0.174107,0.880666,6.543940,0.007027,74.633600,88.605000,11.530700
2021-07-15,0.148638,0.173158,0.873276,6.493550,0.006973,74.058900,87.782000,11.455200
2021-07-16,0.148917,0.173512,0.874482,6.499220,0.006961,74.123600,87.391700,11.451900
2021-07-17,0.148991,0.174002,0.875766,6.507650,0.006962,74.219700,87.831600,11.485900
2021-07-18,0.148972,0.173712,0.874703,6.502900,0.006963,74.165600,87.567300,11.467300
2021-07-21,0.149425,0.173647,0.876640,6.518750,0.006997,74.346300,87.609700,11.467400
2021-07-22,0.150563,0.173843,0.878347,6.531430,0.007028,74.491000,87.772700,11.495900
2021-07-23,0.151674,0.174035,0.878390,6.531760,0.007029,74.494700,87.598300,11.505700
2021-07-24,0.151122,0.172852,0.869803,6.461600,0.006953,73.694500,86.922700,11.396700
2021-07-25,0.151300,0.173264,0.873889,6.467890,0.006960,73.766300,86.845100,11.390000
2021-07-28,0.152011,0.173819,0.879092,6.496980,0.006968,74.098000,87.317100,11.429200
2021-07-29,0.151497,0.173515,0.874580,6.474980,0.006929,73.847100,86.991900,11.352700
2021-07-30,0.150884,0.172813,0.870251,6.454080,0.006899,73.608800,86.917300,11.318900
2021-07-31,0.151747,0.172093,0.864188,6.417400,0.006874,73.190400,86.862400,11.324900
2021-08-01,0.150569,0.171891,0.862352,6.412870,0.006884,73.138800,86.991300,11.329000
2021-08-04,0.149118,0.171925,0.861178,6.402070,0.006861,73.015600,86.771700,11.301000
2021-08-05,0.148856,0.171747,0.859825,6.389510,0.006840,72.872400,86.557800,11.271700
2021-08-06,0.148770,0.171482,0.859006,6.381910,0.006837,72.785700,86.411200,11.263100
2021-08-07,0.148369,0.171937,0.863468,6.415430,0.006880,73.168000,86.652900,11.324000
2021-08-08,0.148383,0.172254,0.863015,6.412140,0.006887,73.130400,86.462100,11.306100
2021-08-11,0.149300,0.172291,0.866859,6.445230,0.006909,73.507800,86.437800,11.347300
2021-08-12,0.149540,0.172720,0.867780,6.452980,0.006925,73.596200,86.357800,11.355500
2021-08-13,0.150360,0.173597,0.872103,6.531520,0.006945,73.969500,86.625700,11.402600
2021-08-14,0.149481,0.173160,0.867258,6.450430,0.006901,73.567100,86.345700,11.358000
2021-08-15,0.149409,0.172774,0.864886,6.442100,0.006885,73.472100,86.219500,11.332900
2021-08-18,0.149092,0.172403,0.865276,6.435070,0.006870,73.392000,86.507200,11.334300
2021-08-19,0.149182,0.172802,0.866798,6.439550,0.006893,73.475300,86.480400,11.338800
2021-08-20,0.149331,0.172571,0.866914,6.438500,0.006896,73.463300,86.121000,11.336600
2021-08-21,0.150994,0.173573,0.876199,6.498710,0.006966,74.150300,86.615000,11.419500
2021-08-22,0.151285,0.173992,0.878488,6.517440,0.006994,74.364000,86.864600,11.440300
2021-08-25,0.150527,0.173926,0.874758,6.491380,0.006961,74.066600,86.783800,11.411900
2021-08-26,0.150252,0.173849,0.873955,6.480850,0.006949,73.946500,86.805800,11.415700
2021-08-27,0.150195,0.173125,0.870998,6.463000,0.006934,73.742800,86.581400,11.389900
2021-08-28,0.150281,0.173402,0.873320,6.484730,0.006945,73.990800,87.057600,11.411600
2021-08-29,0.150303,0.173048,0.873233,6.484360,0.006953,73.986600,87.030400,11.417700
2021-09-01,0.149284,0.172184,0.868368,6.448240,0.006914,73.574400,86.810400,11.378000
2021-09-02,0.148622,0.171752,0.864871,6.464760,0.006879,73.278100,86.666000,11.336700
2021-09-03,0.148506,0.171607,0.863845,6.457100,0.006860,73.191200,86.394900,11.321100
2021-09-04,0.147587,0.170905,0.859757,6.426920,0.006827,72.849100,86.297000,11.274700
2021-09-05,0.147616,0.171239,0.859821,6.424840,0.006828,72.854500,86.536600,11.283700
2021-09-08,0.147844,0.171153,0.860536,6.433600,0.006837,72.953800,86.574300,11.304000
2021-09-09,0.148280,0.171669,0.863332,6.457070,0.006850,73.190900,86.892200,11.328500
2021-09-10,0.148985,0.171996,0.866295,6.479230,0.006867,73.442100,86.911400,11.365100
2021-09-11,0.148320,0.171523,0.862094,6.451610,0.006845,73.129000,86.467700,11.324800
2021-09-12,0.147511,0.170638,0.857744,6.419060,0.006820,72.760000,86.147800,11.295700
2021-09-15,0.148349,0.171378,0.861564,6.447650,0.006851,73.084100,86.115000,11.323000
2021-09-16,0.147514,0.170597,0.857238,6.415270,0.006827,72.717100,85.988000,11.285700
2021-09-17,0.148620,0.170754,0.858836,6.427170,0.006817,72.852000,86.067400,11.319800
2021-09-18,0.147057,0.170290,0.853928,6.390200,0.006766,72.432900,85.362200,11.239100
2021-09-19,0.147315,0.170389,0.855429,6.398890,0.006793,72.560200,85.461400,11.245600
2021-09-22,0.149199,0.171998,0.864713,6.469480,0.006870,73.331500,85.878500,11.340600
2021-09-23,0.150653,0.171726,0.863025,6.455900,0.006850,73.206700,85.856800,11.321300
2021-09-24,0.149982,0.171101,0.859165,6.429700,0.006819,72.880600,85.488900,11.267000
2021-09-25,0.147799,0.171016,0.857325,6.415920,0.006810,72.724500,85.204000,11.258400
2021-09-26,0.148345,0.171683,0.860669,6.440940,0.006842,73.008100,85.682300,11.294000
2021-09-29,0.147791,0.171008,0.856580,6.410350,0.006823,72.661300,85.035500,11.244900
2021-09-30,0.150296,0.170728,0.854782,6.394310,0.006798,72.508300,84.675200,11.226300
2021-10-01,0.148053,0.170920,0.857753,6.419130,0.006816,72.760800,84.875500,11.249400
2021-10-02,0.148037,0.170653,0.856132,6.410600,0.006796,72.664200,84.305000,11.244200
2021-10-03,0.148653,0.170997,0.859648,6.436140,0.006820,72.921500,84.457700,11.311400
2021-10-06,0.149129,0.171324,0.859693,6.439200,0.006820,72.923900,84.635500,11.311800
2021-10-07,0.147873,0.170770,0.855488,6.407820,0.006796,72.568600,84.172300,11.256700
2021-10-08,0.148462,0.170568,0.855483,6.407790,0.006790,72.568200,83.925100,11.256600
2021-10-09,0.149134,0.169704,0.852149,6.389870,0.006774,72.285400,83.605300,11.212800
2021-10-10,0.150289,0.169245,0.848726,6.357980,0.006742,71.988200,83.124800,11.162500
2021-10-13,0.149806,0.168558,0.844509,6.336780,0.006707,71.637300,82.927300,11.128100
2021-10-14,0.150345,0.168911,0.847371,6.350110,0.006739,71.880100,83.093400,11.132500
2021-10-15,0.150298,0.168660,0.847107,6.353470,0.006726,71.857700,83.002800,11.149000
2021-10-16,0.149989,0.168489,0.846245,6.347000,0.006709,71.784600,83.334700,11.156900
2021-10-17,0.148503,0.167223,0.839791,6.301380,0.006651,71.237100,82.727600,11.080200
2021-10-20,0.148552,0.167246,0.839016,6.293060,0.006648,71.171400,82.459200,11.061900
2021-10-21,0.148561,0.166708,0.836650,6.275030,0.006632,70.967400,82.684100,11.087100
2021-10-22,0.148807,0.166680,0.837714,6.295060,0.006639,71.055500,82.616200,11.113900
2021-10-23,0.148640,0.166527,0.836951,6.293480,0.006646,70.990400,82.639900,11.094700
2021-10-24,0.148372,0.166363,0.835372,6.286300,0.006628,70.862300,82.497900,11.089000
2021-10-27,0.147310,0.164945,0.826988,6.223110,0.006553,70.134500,81.741800,10.990800
2021-10-28,0.145782,0.163365,0.819991,6.179710,0.006503,69.552600,80.701900,10.899300
2021-10-29,0.146353,0.163586,0.823078,6.208130,0.006534,69.810400,81.028900,10.918800
2021-10-30,0.147811,0.164941,0.831452,6.274080,0.006606,70.520700,81.839300,11.019400
2021-10-31,0.147624,0.164940,0.831363,6.271230,0.006601,70.520000,82.289800,11.018800
2021-11-03,0.148810,0.166031,0.838013,6.330040,0.006660,71.086300,82.168700,11.101000
2021-11-04,0.149505,0.167123,0.842712,6.364940,0.006686,71.478300,82.957700,11.170400
2021-11-05,0.149587,0.166852,0.842744,6.345990,0.006674,71.487600,82.811200,11.174500
2021-11-10,0.149806,0.166292,0.841684,6.335180,0.006669,71.397500,82.535500,11.159500
2021-11-11,0.149479,0.165995,0.840376,6.325340,0.006667,71.286600,82.649700,11.146500
2021-11-12,0.148301,0.164867,0.833402,6.264510,0.006619,70.695000,81.787000,11.060100
2021-11-13,0.149698,0.165669,0.839317,6.308940,0.006644,71.196400,81.655200,11.115800
2021-11-14,0.151024,0.166927,0.846566,6.363470,0.006691,71.811800,82.217300,11.236900
2021-11-17,0.151992,0.167880,0.852170,6.404290,0.006731,72.272400,82.773600,11.326700
2021-11-18,0.152491,0.168283,0.855422,6.429360,0.006767,72.555300,82.524400,11.376800
2021-11-19,0.152925,0.168552,0.858580,6.450200,0.006780,72.822800,82.355300,11.410800
2021-11-20,0.152398,0.167518,0.855993,6.433510,0.006750,72.602200,82.258300,11.377300
2021-11-21,0.152508,0.168391,0.857764,6.441940,0.006757,72.761700,82.584500,11.401600
2021-11-24,0.154049,0.169456,0.866085,6.505810,0.006838,73.450600,82.771500,11.517500
2021-11-25,0.157014,0.172465,0.882302,6.625290,0.006957,74.832700,84.171800,11.721200
2021-11-26,0.155396,0.171880,0.876754,6.590390,0.006909,74.372600,83.639400,11.642700
2021-11-27,0.154773,0.172327,0.879440,6.610580,0.006943,74.600400,83.679300,11.675800
2021-11-28,0.156414,0.173385,0.891074,6.698030,0.007026,75.587300,84.952600,11.826600
2021-12-01,0.155162,0.171152,0.884200,6.638490,0.006958,74.981800,84.482000,11.748200
2021-12-02,0.153902,0.170443,0.882884,6.633530,0.006943,74.892600,84.823400,11.754700
2021-12-03,0.152016,0.169569,0.872177,6.552220,0.006865,73.974600,83.835400,11.612800
2021-12-04,0.152160,0.167926,0.873145,6.560120,0.006879,74.063700,83.810500,11.621300
2021-12-05,0.150342,0.168113,0.869433,6.531670,0.006853,73.742600,83.240600,11.578000
2021-12-08,0.149963,0.168214,0.868520,6.522300,0.006837,73.669400,83.113800,11.562200
2021-12-09,0.150921,0.169773,0.874071,6.566860,0.006884,74.139900,83.711400,11.642600
2021-12-10,0.150245,0.169002,0.870568,6.540770,0.006849,73.845300,83.364000,11.622000
2021-12-11,0.148686,0.169020,0.867652,6.521910,0.006826,73.599800,83.344400,11.600000
2021-12-12,0.148774,0.168531,0.868476,6.519570,0.006818,73.605900,83.115800,11.554200
2021-12-15,0.148605,0.168373,0.865582,6.502280,0.006793,73.410700,82.866000,11.536000
2021-12-16,0.148154,0.167912,0.866121,6.507510,0.006786,73.469800,82.829900,11.546600
2021-12-17,0.149526,0.168398,0.870634,6.541280,0.006810,73.851000,83.237500,11.602900
2021-12-18,0.148899,0.167989,0.867373,6.516460,0.006793,73.570800,83.157100,11.552500
2021-12-19,0.149681,0.168359,0.869322,6.533720,0.006802,73.733000,83.502600,11.567800
2021-12-22,0.150822,0.169121,0.875842,6.580580,0.006866,74.294700,83.618700,11.648200
2021-12-23,0.149890,0.168598,0.870262,6.541480,0.006829,73.820600,83.321300,11.588400
2021-12-24,0.149843,0.169146,0.869931,6.538780,0.006809,73.790100,83.154100,11.579600
2021-12-25,0.148348,0.168137,0.864816,6.500510,0.006762,73.358300,83.122300,11.516200
2021-12-26,0.148606,0.169007,0.862885,6.482600,0.006772,73.188600,82.930000,11.490700
2021-12-29,0.148696,0.168993,0.863407,6.489400,0.006782,73.232900,82.936300,11.492400
2021-12-30,0.149230,0.169248,0.866419,6.509820,0.006799,73.495900,83.219400,11.535300
2021-12-31,0.149576,0.169158,0.868252,6.523600,0.006813,73.651400,83.204000,11.559900
2022-01-01,0.155164,0.169000,0.875906,6.580390,0.006855,74.292600,84.069500,11.650300
2022-01-12,0.155311,0.172328,0.885701,6.651750,0.006945,75.131500,85.131500,11.790700
2022-01-13,0.155019,0.171858,0.882211,6.625540,0.006918,74.835500,84.878400,11.744600
2022-01-14,0.154943,0.171367,0.878703,6.598290,0.006889,74.527700,84.670900,11.708800
2022-01-15,0.154466,0.171442,0.879191,6.607760,0.006893,74.568600,85.455600,11.724600
2022-01-16,0.156948,0.173677,0.893193,6.707990,0.007004,75.766800,86.889400,11.945700
2022-01-19,0.157760,0.174625,0.896625,6.732220,0.007015,76.040400,86.860900,11.979800
2022-01-20,0.158601,0.175200,0.900097,6.758270,0.007042,76.334700,87.021600,12.018000
2022-01-21,0.159912,0.175964,0.906315,6.805640,0.007106,76.869700,87.131800,12.101100
2022-01-22,0.158954,0.175323,0.901160,6.767670,0.007067,76.440800,86.821500,12.052000
2022-01-23,0.159539,0.175815,0.904270,6.789760,0.007078,76.690300,86.905400,12.097200
2022-01-26,0.161009,0.177402,0.912069,6.849480,0.007151,77.364900,87.592500,12.219000
2022-01-27,0.163667,0.180165,0.927155,6.962570,0.007265,78.642200,88.928600,12.432400
2022-01-28,0.163445,0.181167,0.930709,6.989260,0.007297,78.943700,89.151100,12.486400
2022-01-29,0.163536,0.181675,0.930749,6.989550,0.007307,78.947000,88.468000,12.405400
2022-01-30,0.161113,0.178808,0.917386,6.889540,0.007193,77.817400,86.641900,12.225800
2022-02-02,0.160394,0.178379,0.913279,6.858800,0.007163,77.470200,86.503200,12.178900
2022-02-03,0.159690,0.177719,0.909290,6.828700,0.007138,77.130200,86.786900,12.125500
2022-02-04,0.158354,0.176253,0.901694,6.771570,0.007073,76.484900,86.282600,12.024000
2022-02-05,0.158597,0.176308,0.903672,6.789200,0.007081,76.650100,86.561000,12.050000
2022-02-06,0.157537,0.175942,0.896774,6.736130,0.007019,76.050900,87.116300,11.955800
2022-02-09,0.156786,0.175695,0.892174,6.700360,0.006973,75.680600,86.518100,11.902800
2022-02-10,0.155990,0.175965,0.887745,6.667040,0.006939,75.304200,85.892000,11.824300
2022-02-11,0.155918,0.175590,0.881899,6.622530,0.006900,74.801500,85.378400,11.759200
2022-02-12,0.155481,0.175018,0.880898,6.615680,0.006897,74.724100,85.379800,11.750200
2022-02-13,0.156125,0.174631,0.883994,6.638930,0.006910,74.986700,85.357400,11.791500
2022-02-16,0.159700,0.177650,0.902896,6.785660,0.007051,76.576200,86.845100,12.041600
2022-02-17,0.158679,0.176945,0.897958,6.749310,0.007024,76.166000,86.265600,11.998800
2022-02-18,0.156198,0.175533,0.884373,6.647240,0.006922,75.014100,85.306000,11.841000
2022-02-19,0.157818,0.176786,0.893039,6.712690,0.006985,75.752700,86.130800,11.951600
2022-02-20,0.158465,0.176931,0.893132,6.713500,0.006979,75.761900,86.148900,11.975100
2022-02-23,0.159931,0.179530,0.904982,6.802580,0.007081,76.767100,87.337900,12.120800
2022-02-24,0.166638,0.184681,0.948038,7.126220,0.007418,80.419400,90.882000,12.692700
2022-02-26,0.181102,0.185306,1.024780,7.703040,0.008019,86.928800,97.768800,13.748500
2022-02-27,0.174059,0.180019,0.984926,7.394000,0.007707,83.548500,93.599400,13.232500
2022-03-02,0.195240,0.188393,1.100690,8.286880,0.008631,93.558900,104.477200,14.824300
2022-03-03,0.188196,0.186621,1.079360,8.129880,0.008438,91.745700,102.911200,14.534000
2022-03-04,0.211143,0.209806,1.087360,9.137050,0.009496,103.248700,114.554400,16.359900
2022-03-05,0.227494,0.225809,1.168020,9.903090,0.010264,111.756400,124.016100,17.686900
2022-03-06,0.210112,0.210524,1.094650,9.363930,0.009707,105.812400,116.531200,16.744900
2022-03-07,0.210329,0.207345,1.083330,9.363930,0.009698,105.812400,115.621200,16.742500
2022-03-11,0.227537,0.230647,1.188240,8.929590,0.010653,116.084700,126.439500,18.371900
2022-03-12,0.233620,0.231488,1.232810,10.671900,0.011059,120.378500,132.958100,19.041500
2022-03-13,0.225229,0.228376,1.195270,10.355100,0.010706,116.751700,128.952300,18.467800
2022-03-16,0.223221,0.224903,1.103090,9.506140,0.010542,115.196300,127.234300,18.221800
2022-03-17,0.224085,0.217075,1.082350,9.891070,0.010165,111.482300,122.452200,17.474300
2022-03-18,0.220710,0.212006,1.039150,8.912620,0.009852,108.052100,118.760100,17.015500
2022-03-19,0.215142,0.206141,1.004060,9.143200,0.009253,104.801200,115.931100,16.503900
2022-03-20,0.212771,0.204893,1.009790,8.902090,0.009179,103.952400,114.399600,16.333200
2022-03-23,0.214019,0.206331,1.016870,8.964560,0.009111,104.681900,115.600200,16.471600
2022-03-24,0.212872,0.205133,1.025990,8.916480,0.009021,104.074100,114.783300,16.358200
2022-03-25,0.210442,0.203014,1.019160,8.523300,0.008942,103.161800,113.261300,16.189100
2022-03-26,0.195720,0.194515,0.971747,7.935370,0.008339,96.045800,105.467900,15.077100
2022-03-27,0.194805,0.193977,0.965109,7.635170,0.008328,95.661800,105.266200,15.031000
2022-03-30,0.191250,0.194731,0.950403,8.028490,0.008162,93.712500,102.671400,14.710400
2022-03-31,0.176948,0.184763,0.903741,7.132050,0.007524,86.284300,96.008500,13.555000
2022-04-01,0.173193,0.180649,0.880706,7.460310,0.007547,84.085100,93.696000,13.238800
2022-04-02,0.172311,0.177349,0.873632,6.435930,0.007490,83.409700,92.493000,13.156900
2022-04-03,0.172972,0.175449,0.970099,6.440070,0.007319,83.428500,92.146800,13.111100
2022-04-06,0.173017,0.176894,0.974658,6.687460,0.007330,83.593200,92.387200,13.137200
2022-04-07,0.173077,0.176309,0.972602,6.668160,0.007306,83.352000,91.728900,13.099300
2022-04-08,0.172298,0.178428,0.908094,6.607700,0.007255,82.596200,90.599800,12.983800
2022-04-09,0.159890,0.164975,0.838373,6.100380,0.006706,76.254700,83.293000,11.986200
2022-04-10,0.157351,0.163118,0.807754,5.988010,0.006587,74.850100,81.706400,11.761100
2022-04-13,0.166708,0.177134,0.918935,6.332770,0.006978,79.159600,85.975200,12.423400
2022-04-14,0.168299,0.177135,0.925685,6.370190,0.007028,79.627400,86.793900,12.504300
2022-04-15,0.169014,0.177541,0.956224,6.395490,0.007057,79.847100,86.721900,12.537400
2022-04-16,0.172399,0.180572,0.998255,6.499140,0.007171,81.288000,88.002400,12.749900
2022-04-17,0.169786,0.178593,0.983350,6.402830,0.007071,80.043700,87.071500,12.563000
2022-04-20,0.168565,0.174902,0.987637,6.352420,0.007032,79.452900,86.428900,12.481800
2022-04-21,0.167850,0.175678,0.975491,6.318500,0.007007,79.028700,85.967400,12.360200
2022-04-22,0.164278,0.173774,0.933663,6.162770,0.006846,77.080900,83.270500,12.015500
2022-04-23,0.160333,0.168905,0.933240,5.996320,0.006648,74.999000,81.223900,11.635000
2022-04-24,0.157304,0.165537,0.908983,5.876870,0.006504,73.505000,80.024900,11.305700
2022-04-27,0.157252,0.165231,0.882912,5.865370,0.006515,73.361100,77.465100,11.228900
2022-04-28,0.156991,0.162203,0.863552,5.813220,0.006465,72.708900,76.667000,11.157600
2022-04-29,0.158434,0.160687,0.866234,5.832440,0.006494,72.876400,75.922400,11.122300
2022-04-30,0.158310,0.160817,0.874491,5.785940,0.006455,72.295300,75.311700,10.961300
2022-05-01,0.156695,0.158362,0.865073,5.684170,0.006353,71.023700,74.558900,10.851800
2022-05-06,0.152687,0.157178,0.846537,5.555500,0.006209,69.416000,72.781500,10.487700
2022-05-07,0.145696,0.151626,0.807778,5.301140,0.005934,66.237800,70.066200,9.996460
2022-05-08,0.142047,0.157514,0.821760,5.392900,0.006053,67.384300,71.096300,10.035200
2022-05-13,0.147448,0.158443,0.832817,5.509320,0.006167,68.838900,72.631400,10.202900
2022-05-14,0.140921,0.148645,0.795795,5.265430,0.005882,65.791600,68.783500,9.690500
2022-05-15,0.139887,0.146701,0.768094,5.104430,0.005712,63.779900,65.793900,9.365420
2022-05-18,0.139442,0.148290,0.770114,5.077590,0.005690,63.444500,65.816600,9.362310
2022-05-19,0.139697,0.147922,0.772269,5.085460,0.005691,63.542800,66.364400,9.447050
2022-05-20,0.138941,0.146871,0.791807,5.087180,0.005703,63.564300,66.613500,9.459470
2022-05-21,0.135836,0.144221,0.779942,4.994250,0.005606,62.403100,64.935800,9.239500
2022-05-22,0.128298,0.136497,0.737279,4.729820,0.005311,58.886200,60.895300,8.880320
2022-05-25,0.127726,0.136955,0.732185,4.810640,0.005246,58.208700,60.385100,8.798540
2022-05-26,0.125843,0.134095,0.716591,4.827880,0.005139,56.969000,58.870500,8.706480
2022-05-27,0.124913,0.135040,0.708171,4.938560,0.005084,56.299600,57.921000,8.590200
2022-05-28,0.138760,0.149474,0.780497,5.442940,0.005609,62.049500,64.439200,9.476410
2022-05-29,0.148161,0.157349,0.822086,5.824820,0.006012,66.402900,69.435300,10.061600
2022-06-01,0.140354,0.145621,0.764188,5.534870,0.005718,63.097500,64.717000,9.560250
2022-06-02,0.137518,0.144147,0.755820,5.404110,0.005595,61.606900,62.739700,9.406960
2022-06-03,0.137944,0.148246,0.772785,5.392390,0.005596,61.473300,63.662900,9.370920
2022-06-04,0.138914,0.145012,0.774528,5.401320,0.005608,61.575000,64.905300,9.357010
2022-06-05,0.140784,0.143181,0.779445,5.435610,0.005636,61.965900,65.919100,9.416640
2022-06-08,0.139640,0.141473,0.768672,5.360470,0.005549,61.109400,64.866900,9.309790
2022-06-09,0.140495,0.141142,0.766748,5.347060,0.005526,60.956500,64.569900,9.300360
2022-06-10,0.139809,0.140258,0.757498,5.329930,0.005452,60.228200,63.938000,9.266090
2022-06-11,0.136792,0.134709,0.734370,5.167210,0.005289,58.389500,62.093400,9.081110
2022-06-12,0.136931,0.132973,0.726755,5.113100,0.005242,57.778000,60.965600,8.897920
2022-06-16,0.136055,0.130892,0.718137,5.121100,0.005194,57.092600,59.248100,8.605140
2022-06-17,0.133505,0.129983,0.712726,5.138190,0.005163,56.662400,59.120400,8.541610
2022-06-18,0.133018,0.129711,0.715326,5.161140,0.005189,56.869100,58.956800,8.554490
2022-06-19,0.133341,0.128254,0.713325,5.201660,0.005170,56.710100,59.329900,8.557760
2022-06-22,0.133417,0.125703,0.706575,5.206480,0.005130,56.172700,58.800300,8.474020
2022-06-23,0.131191,0.123422,0.688109,5.159630,0.005006,54.708100,57.456600,8.269920
2022-06-24,0.129123,0.118944,0.670174,5.025310,0.004890,53.278800,55.830700,8.022590
2022-06-25,0.129881,0.117500,0.671131,5.042130,0.004919,53.357800,55.988600,8.004830
2022-06-26,0.130515,0.114721,0.670723,5.047990,0.004924,53.323400,55.964000,8.018260
2022-06-29,0.130271,0.113324,0.671244,5.050880,0.004923,53.364100,56.053500,8.048370
2022-06-30,0.129704,0.114915,0.666288,5.013570,0.004894,52.969900,55.888600,7.976160
2022-07-01,0.125292,0.112176,0.643497,4.847540,0.004737,51.158000,53.858000,7.698460
2022-07-02,0.128956,0.112910,0.660532,4.973790,0.004835,52.512300,54.640500,8.288970
2022-07-03,0.131799,0.114316,0.676322,5.088590,0.004948,53.767600,56.358400,8.594180
2022-07-06,0.135173,0.118098,0.692903,5.237890,0.005077,55.085800,57.183600,8.713990
2022-07-07,0.143580,0.126060,0.735997,5.596320,0.005399,58.511800,60.161800,8.946090
2022-07-08,0.154118,0.134064,0.791333,6.017080,0.005793,62.911000,64.326000,9.557930
2022-07-09,0.154686,0.134558,0.766527,5.968460,0.005799,63.142700,64.134900,9.593660
2022-07-10,0.149186,0.128376,0.741317,5.791540,0.005614,61.266400,62.049900,9.282680
2022-07-13,0.149174,0.129084,0.741778,5.829530,0.005618,61.304500,61.805600,9.210240
2022-07-14,0.143183,0.126609,0.717983,5.596520,0.005393,58.854100,58.764300,8.794760
2022-07-15,0.142124,0.123647,0.722874,5.579920,0.005360,58.532200,58.900200,8.724510
2022-07-16,0.141184,0.122411,0.718333,5.554240,0.005327,58.256800,58.343200,8.639540
2022-07-17,0.139888,0.120889,0.714249,5.543950,0.005281,57.832300,57.885100,8.572330
2022-07-20,0.136277,0.117746,0.706304,5.435060,0.005156,56.561600,57.152600,8.426410
2022-07-21,0.133471,0.114497,0.696319,5.340850,0.005063,55.437000,56.446300,8.257870
2022-07-22,0.131976,0.114183,0.689678,5.299940,0.005020,54.849100,55.826000,8.160110
2022-07-23,0.136145,0.117370,0.708817,5.498120,0.005178,56.478300,57.113300,8.398540
2022-07-24,0.138929,0.119060,0.719561,5.587740,0.005265,57.391700,57.760800,8.582820
2022-07-27,0.140480,0.119414,0.718489,5.626850,0.005291,57.782100,58.674100,8.630990
2022-07-28,0.143274,0.123257,0.724558,5.712940,0.005349,58.660500,59.406800,8.787170
2022-07-29,0.147652,0.125502,0.731103,5.865370,0.005494,60.219800,61.003200,9.041280
2022-07-30,0.148032,0.125381,0.724723,5.864090,0.005502,60.203100,61.217100,9.045490
2022-07-31,0.150377,0.128055,0.737131,5.971920,0.005621,61.310100,62.569500,9.216360
2022-08-03,0.152260,0.130061,0.747737,6.044050,0.005686,62.050600,63.246800,9.282290
2022-08-04,0.147823,0.125460,0.723601,5.860470,0.005498,60.159500,61.265600,8.951750
2022-08-05,0.148215,0.126605,0.724551,5.868800,0.005496,60.237400,61.124300,8.944650
2022-08-06,0.148437,0.126521,0.725843,5.871670,0.005507,60.258000,61.087200,8.933620
2022-08-07,0.148642,0.126779,0.727382,5.883400,0.005528,60.369600,61.361000,8.968760
2022-08-10,0.148340,0.126190,0.726704,5.878790,0.005541,60.316400,61.161500,8.961300
2022-08-11,0.148620,0.126687,0.728987,5.885300,0.005552,60.381400,61.554200,8.953420
2022-08-12,0.148983,0.126370,0.735182,5.892390,0.005556,60.454200,61.704000,8.952510
2022-08-13,0.149284,0.126823,0.736972,5.909410,0.005560,60.622900,62.515600,9.005830
2022-08-14,0.150032,0.127492,0.742635,5.936180,0.005576,60.899300,62.535500,9.039780
2022-08-17,0.151099,0.128936,0.745065,5.983750,0.005625,61.374700,62.505600,9.045150
2022-08-18,0.151259,0.128995,0.756382,5.987340,0.005616,61.424700,62.355100,9.015560
2022-08-19,0.149658,0.127482,0.750237,5.922250,0.005538,60.755200,61.832200,8.950990
2022-08-20,0.147754,0.125907,0.738375,5.844620,0.005478,59.957000,60.895700,8.827400
2022-08-21,0.145951,0.124243,0.730206,5.766450,0.005408,59.132100,59.393400,8.658300
2022-08-24,0.147344,0.125395,0.739838,5.826940,0.005472,59.741900,59.534400,8.712770
2022-08-25,0.147918,0.126366,0.745638,5.842970,0.005495,59.896300,59.330400,8.717380
2022-08-26,0.148189,0.127532,0.747222,5.852830,0.005510,59.997400,59.508200,8.735260
2022-08-27,0.147602,0.129378,0.743582,5.831210,0.005482,59.769900,59.598300,8.719360
2022-08-28,0.148442,0.129217,0.744789,5.862670,0.005505,60.092400,59.878400,8.744780
2022-08-31,0.149002,0.128954,0.748000,5.889130,0.005522,60.363600,59.960800,8.721670
2022-09-01,0.149141,0.128963,0.748060,5.889990,0.005538,60.367700,60.575200,8.738300
2022-09-02,0.148822,0.128687,0.746460,5.877400,0.005511,60.238600,60.214100,8.726110
2022-09-03,0.148829,0.127564,0.745669,5.877930,0.005511,60.237000,60.284200,8.728350
2022-09-04,0.149216,0.128060,0.746274,5.891030,0.005523,60.371300,60.218700,8.743650
2022-09-07,0.150475,0.128904,0.752168,5.944340,0.005558,60.903300,60.140800,8.784180
2022-09-08,0.150332,0.128757,0.750813,5.939560,0.005542,60.854400,60.492900,8.747060
2022-09-09,0.151102,0.129493,0.752203,5.972530,0.005577,61.181400,60.545800,8.756500
2022-09-10,0.150085,0.128516,0.742492,5.936150,0.005529,60.801000,60.695200,8.737410
2022-09-11,0.149190,0.126649,0.736774,5.903790,0.005508,60.469600,60.857100,8.735120
2022-09-14,0.149103,0.127721,0.737449,5.902540,0.005519,60.456800,61.312700,8.725250
2022-09-15,0.148143,0.127265,0.733621,5.865000,0.005485,60.067600,60.936400,8.661640
2022-09-16,0.146965,0.126254,0.731350,5.836440,0.005464,59.775100,59.836800,8.567710
2022-09-17,0.145124,0.125902,0.736201,5.826790,0.005461,59.666300,59.619600,8.542320
2022-09-18,0.144317,0.126598,0.740662,5.863030,0.005482,60.031600,59.874000,8.546110
2022-09-21,0.143835,0.126103,0.742342,5.877500,0.005488,60.166200,60.042600,8.554720
2022-09-22,0.143606,0.125677,0.739732,5.862810,0.005466,60.015800,60.050700,8.541690
2022-09-23,0.145646,0.127271,0.749668,5.946450,0.005559,60.868500,60.211000,8.602420
2022-09-24,0.143125,0.125242,0.733794,5.845180,0.005449,59.831800,58.938800,8.438250
2022-09-25,0.139574,0.120718,0.712317,5.676050,0.005277,58.100600,56.475100,8.153290
2022-09-28,0.140413,0.120977,0.711866,5.669890,0.005258,57.999000,55.927800,8.090470
2022-09-29,0.141954,0.121867,0.722618,5.689930,0.005266,58.175600,55.995300,8.105560
2022-09-30,0.143242,0.122047,0.728177,5.718190,0.005301,58.448500,55.723200,8.072000
2022-10-01,0.141436,0.119763,0.716025,5.616890,0.005219,57.413000,55.406400,7.984950
2022-10-02,0.136321,0.115957,0.689707,5.410830,0.005021,55.298700,52.737900,8.155320
2022-10-05,0.141712,0.120758,0.717998,5.632720,0.005231,57.566400,54.394700,8.133150
2022-10-06,0.144632,0.123638,0.732498,5.752570,0.005351,58.791300,56.172500,8.182300
2022-10-07,0.146424,0.125676,0.739507,5.812550,0.005395,59.404300,58.061300,8.363700
2022-10-08,0.148605,0.128182,0.748699,5.895640,0.005464,60.253400,58.239200,8.590780
2022-10-09,0.151393,0.130661,0.753203,5.993490,0.005536,61.247500,59.975600,8.593590
2022-10-12,0.154125,0.132007,0.765584,6.097720,0.005638,62.312600,60.801900,8.615480
2022-10-13,0.157626,0.134530,0.773337,6.231920,0.005753,63.684000,62.348100,8.752410
2022-10-14,0.157917,0.134237,0.765033,6.238960,0.005752,63.755900,62.586700,8.669800
2022-10-15,0.157193,0.132858,0.759606,6.213100,0.005722,63.491700,62.590300,8.704860
2022-10-16,0.156102,0.131553,0.754467,6.170450,0.005676,63.055800,62.469500,8.691520
2022-10-19,0.152831,0.129513,0.746677,6.044270,0.005549,61.763400,60.560800,8.523040
2022-10-20,0.152746,0.130473,0.751188,6.038680,0.005537,61.703200,60.530000,8.509750
2022-10-21,0.152456,0.130246,0.748737,6.028060,0.005520,61.590500,60.108600,8.457110
2022-10-22,0.152387,0.130819,0.746746,6.019910,0.005516,61.501800,60.437100,8.451850
2022-10-23,0.151847,0.130685,0.740749,5.989960,0.005495,61.195800,59.837800,8.373200
2022-10-26,0.152022,0.129328,0.740195,5.987030,0.005498,61.162900,60.157500,8.321690
2022-10-27,0.152983,0.129686,0.742023,6.003880,0.005519,61.332600,60.464800,8.324160
2022-10-28,0.153808,0.129888,0.742604,6.013300,0.005520,61.427700,61.568200,8.478450
2022-10-29,0.154673,0.130185,0.739878,6.006570,0.005501,61.358900,61.571800,8.439670
2022-10-30,0.155574,0.132229,0.739168,6.023740,0.005508,61.534300,61.132800,8.431590
2022-11-02,0.155850,0.131955,0.737960,6.032710,0.005512,61.622900,61.119600,8.394690
2022-11-03,0.155438,0.131157,0.735697,6.013580,0.005500,61.427500,60.966800,8.405480
2022-11-04,0.155848,0.132164,0.737825,6.032360,0.005536,61.617500,60.921600,8.428470
2022-11-05,0.157069,0.134826,0.741615,6.079150,0.005590,62.095500,60.607100,8.430370
2022-11-09,0.154662,0.131848,0.729025,5.995960,0.005501,61.236700,60.901300,8.431540
2022-11-10,0.153902,0.131304,0.725938,5.970570,0.005459,60.977400,60.823100,8.369970
2022-11-11,0.154718,0.131594,0.725619,5.979000,0.005473,61.061100,61.244500,8.397240
2022-11-12,0.154941,0.131542,0.727207,5.997140,0.005483,61.243400,61.003700,8.404560
2022-11-13,0.152019,0.128281,0.714323,5.896720,0.005379,60.217900,61.541600,8.446370
2022-11-16,0.152548,0.130729,0.715774,5.914610,0.005389,60.398200,62.155400,8.542480
2022-11-17,0.152367,0.131186,0.714755,5.906420,0.005390,60.311600,62.629700,8.536910
2022-11-18,0.152723,0.130910,0.714845,5.910250,0.005402,60.348400,62.667500,8.500260
2022-11-19,0.152680,0.131467,0.715091,5.914270,0.005399,60.389400,62.571200,8.446790
2022-11-20,0.152772,0.131520,0.714966,5.912770,0.005387,60.374100,62.448400,8.472010
2022-11-23,0.153697,0.132315,0.719533,5.948860,0.005417,60.737900,62.124500,8.475570
2022-11-24,0.153643,0.130852,0.718413,5.940900,0.005414,60.656600,62.177400,8.472220
2022-11-25,0.153203,0.130749,0.716600,5.925980,0.005398,60.504300,62.285000,8.436160
2022-11-26,0.152765,0.130523,0.715190,5.914460,0.005381,60.386600,62.781400,8.438000
2022-11-27,0.153094,0.129799,0.716160,5.923570,0.005385,60.479700,62.876200,8.424480
2022-11-30,0.153445,0.130543,0.719518,5.950240,0.005402,60.752000,63.300800,8.412560
2022-12-01,0.154571,0.130503,0.723221,5.981800,0.005438,61.074200,63.388200,8.487980
2022-12-02,0.154178,0.129967,0.720919,5.962810,0.005429,60.880300,63.050400,8.537460
2022-12-03,0.154668,0.130407,0.724072,5.989020,0.005458,61.147900,63.827900,8.637090
2022-12-04,0.156313,0.131871,0.731497,6.050430,0.005502,61.774900,64.986800,8.783950
2022-12-07,0.157068,0.132596,0.736352,6.090590,0.005524,62.184900,65.520500,8.931170
2022-12-08,0.159029,0.134088,0.740857,6.161640,0.005580,62.910300,66.108700,8.968350
2022-12-09,0.159045,0.133248,0.740873,6.166380,0.005577,62.937200,65.896600,8.990430
2022-12-10,0.158350,0.132137,0.736585,6.130800,0.005545,62.572200,65.676200,8.974310
2022-12-11,0.157807,0.132116,0.734330,6.111800,0.005540,62.381300,65.840700,8.962360
2022-12-14,0.158692,0.132942,0.738875,6.149330,0.005578,62.767400,66.270000,8.984360
2022-12-15,0.160002,0.134514,0.744108,6.193070,0.005608,63.212000,66.701700,9.037310
2022-12-16,0.160757,0.134993,0.745839,6.207590,0.005614,63.359000,67.447800,9.108640
2022-12-17,0.163094,0.137244,0.756933,6.301290,0.005713,64.301500,68.447000,9.207860
2022-12-18,0.163792,0.137886,0.760539,6.331490,0.005753,64.607800,68.779800,9.243820
2022-12-21,0.168271,0.141599,0.781017,6.501970,0.005890,66.347400,70.619600,9.499640
2022-12-22,0.175256,0.147368,0.805459,6.760300,0.006114,69.003700,73.338900,9.879010
2022-12-23,0.179013,0.150317,0.823129,6.908520,0.006253,70.525600,75.091400,10.083600
2022-12-24,0.183040,0.153378,0.841860,7.065120,0.006409,72.130600,76.644600,10.260000
2022-12-25,0.174389,0.147064,0.801541,6.727800,0.006118,68.676000,73.040700,9.758840
2022-12-28,0.173512,0.148167,0.798888,6.707110,0.006108,68.448700,72.622600,9.733340
2022-12-29,0.177679,0.151669,0.816230,6.855800,0.006247,69.934600,74.182900,9.945750
2022-12-30,0.181367,0.154848,0.832471,6.986450,0.006385,71.326100,75.660000,10.146900
2022-12-31,0.182959,0.156056,0.840077,7.055820,0.006429,71.977800,76.076500,10.130600
2023-01-01,0.178717,0.152583,0.820933,6.894210,0.006266,70.337500,75.655300,9.894920
2023-01-11,0.178007,0.151735,0.820497,6.881790,0.006221,70.300200,75.078500,10.286700
2023-01-12,0.176168,0.150510,0.812435,6.807500,0.006168,69.609400,74.543800,10.220000
2023-01-13,0.174311,0.149446,0.805558,6.746710,0.006105,69.020200,74.136100,10.139600
2023-01-14,0.171021,0.146641,0.791054,6.621220,0.005986,67.777500,72.790800,10.001600
2023-01-15,0.170401,0.146082,0.788683,6.598740,0.005980,67.574400,73.113100,10.030700
2023-01-18,0.172100,0.147719,0.797026,6.667890,0.006034,68.289200,73.829800,10.136800
2023-01-19,0.173028,0.148403,0.801405,6.697070,0.006054,68.664400,74.264600,10.114600
2023-01-20,0.173763,0.148404,0.803838,6.711960,0.006085,68.872800,74.588200,10.175100
2023-01-21,0.173693,0.148268,0.801579,6.709420,0.006097,68.846700,74.405800,10.132000
2023-01-22,0.173289,0.148380,0.797696,6.690210,0.006085,68.665600,74.343400,10.122700
2023-01-25,0.173017,0.148371,0.796721,6.684860,0.006068,68.628800,74.730700,10.112500
2023-01-26,0.173443,0.148803,0.798988,6.693760,0.006090,68.752900,74.694800,10.111000
2023-01-27,0.174126,0.149297,0.800985,6.713660,0.006118,68.957300,74.956400,10.147900
2023-01-28,0.174716,0.149815,0.802651,6.724150,0.006121,69.126300,75.334800,10.249100
2023-01-29,0.175085,0.150285,0.804843,6.742900,0.006125,69.337200,75.406200,10.252500
2023-02-01,0.175792,0.151147,0.807808,6.766160,0.006140,69.592700,75.779900,10.307700
2023-02-02,0.178223,0.153325,0.818542,6.851670,0.006240,70.517400,76.300400,10.425900
2023-02-03,0.177191,0.152270,0.813949,6.807600,0.006222,70.121700,76.224500,10.390500
2023-02-04,0.176854,0.151976,0.812351,6.796700,0.006208,70.041400,76.956400,10.403700
2023-02-05,0.177524,0.153037,0.816054,6.826510,0.006231,70.384700,76.734400,10.421700
2023-02-08,0.178002,0.153915,0.818540,6.844250,0.006238,70.599100,76.034700,10.381500
2023-02-09,0.179075,0.154888,0.817075,6.867220,0.006250,70.892400,75.908700,10.433100
2023-02-10,0.180794,0.156629,0.824897,6.925150,0.006306,71.576300,76.834400,10.539100
2023-02-11,0.184115,0.159980,0.840093,7.033880,0.006411,72.894900,78.322300,10.752400
2023-02-12,0.184172,0.160906,0.838953,7.011940,0.006413,72.792300,78.054200,10.691600
2023-02-15,0.186553,0.163337,0.848573,7.083760,0.006494,73.630700,78.671000,10.771700
2023-02-16,0.187426,0.163262,0.849318,7.091850,0.006519,73.864500,79.335500,10.822700
2023-02-17,0.188584,0.164478,0.853256,7.112240,0.006532,74.207700,79.565400,10.847300
2023-02-18,0.189987,0.167148,0.855226,7.141790,0.006576,74.763800,79.976400,10.885500
2023-02-19,0.190279,0.168342,0.855168,7.106620,0.006584,74.758800,79.610400,10.840900
2023-02-22,0.188717,0.166678,0.846982,6.981190,0.006528,74.043200,79.133000,10.779700
2023-02-23,0.191124,0.167217,0.856340,7.006830,0.006613,74.859600,79.758800,10.856200
2023-02-24,0.191325,0.167640,0.854595,6.929080,0.006610,74.708700,79.571600,10.839800
2023-03-01,0.193883,0.168477,0.862902,6.915510,0.006646,75.432300,79.623000,10.792800
2023-03-02,0.192359,0.166748,0.856706,6.860930,0.006616,74.893200,79.513400,10.746700
2023-03-03,0.193443,0.168793,0.860841,6.894300,0.006638,75.251300,80.100800,10.907700
2023-03-04,0.194043,0.170711,0.863347,6.914920,0.006650,75.472900,80.189700,10.908900
2023-03-05,0.194397,0.173195,0.863180,6.913790,0.006640,75.459200,80.046900,10.913700
2023-03-08,0.194272,0.175078,0.863336,6.915230,0.006635,75.472800,80.235300,10.875400
2023-03-09,0.194178,0.174336,0.863163,6.913970,0.006649,75.457700,80.549600,10.867200
2023-03-11,0.195379,0.173069,0.868254,6.955260,0.006667,75.902800,80.137200,10.862300
2023-03-12,0.195632,0.172154,0.868687,6.958410,0.006657,75.940600,80.400900,10.899500
2023-03-15,0.194267,0.169202,0.863199,6.914640,0.006618,75.460900,80.610200,10.931300
2023-03-16,0.193402,0.164658,0.860133,6.889750,0.006584,75.192700,80.519200,10.929600
2023-03-17,0.195020,0.165304,0.866480,6.940810,0.006618,75.745700,80.876300,10.970400
2023-03-18,0.196612,0.164396,0.874051,7.001760,0.006674,76.409500,81.141800,11.048500
2023-03-19,0.197292,0.164334,0.876280,7.019750,0.006709,76.604400,81.463500,11.122600
2023-03-22,0.198832,0.167630,0.883576,7.077870,0.006765,77.242200,82.373600,11.205700
2023-03-23,0.197856,0.166185,0.878944,7.040770,0.006730,76.837300,82.542800,11.165200
2023-03-24,0.198254,0.166442,0.880303,7.051650,0.006740,76.956100,82.967000,11.154700
2023-03-25,0.196501,0.165038,0.872880,6.992000,0.006708,76.307200,83.145200,11.166200
2023-03-26,0.196995,0.165343,0.874490,7.004890,0.006711,76.447900,82.392300,11.114600
2023-03-29,0.197066,0.167435,0.875843,7.015600,0.006699,76.566200,82.291300,11.109800
2023-03-30,0.197260,0.166919,0.876160,7.018340,0.006716,76.593900,82.775000,11.112700
2023-03-31,0.198290,0.169183,0.880555,7.053600,0.006757,76.978100,83.485900,11.162200
2023-04-01,0.198523,0.171918,0.881792,7.063320,0.006753,77.086300,83.763900,11.184700
2023-04-02,0.199041,0.172577,0.884504,7.085040,0.006763,77.323300,84.111600,11.241100
2023-04-05,0.200656,0.172569,0.891684,7.142360,0.006835,77.951000,84.618500,11.302800
2023-04-06,0.204448,0.176023,0.907759,7.271190,0.006964,79.356300,86.720700,11.530800
2023-04-07,0.204718,0.176898,0.909358,7.284000,0.006985,79.496100,87.095400,11.544500
2023-04-08,0.207803,0.180558,0.922801,7.391610,0.007098,80.671300,88.129400,11.703900
2023-04-09,0.212133,0.184210,0.942562,7.549690,0.007244,82.398800,90.289200,11.958200
2023-04-12,0.210550,0.183690,0.935073,7.489910,0.007172,81.744100,89.173700,11.874600
2023-04-13,0.211706,0.184969,0.940058,7.529980,0.007202,82.179900,89.727100,11.924800
2023-04-14,0.211466,0.182909,0.939069,7.521980,0.007190,82.093400,89.759900,11.914200
2023-04-15,0.210521,0.180312,0.933291,7.483650,0.007146,81.675800,90.003500,11.856600
2023-04-16,0.209955,0.181177,0.931267,7.468090,0.007136,81.504500,90.163700,11.880300
2023-04-19,0.210414,0.181295,0.932698,7.479400,0.007134,81.627900,89.659000,11.852000
2023-04-20,0.210436,0.181983,0.932458,7.476960,0.007124,81.602800,89.571300,11.848200
2023-04-21,0.210635,0.181053,0.932986,7.481730,0.007140,81.654900,89.373600,11.817800
2023-04-22,0.210787,0.179354,0.932573,7.478150,0.007149,81.618800,89.463800,11.847000
2023-04-23,0.210304,0.178843,0.931059,7.465880,0.007138,81.486300,89.349500,11.811100
2023-04-26,0.209757,0.177579,0.928639,7.446470,0.007119,81.274500,89.458900,11.770000
2023-04-27,0.211138,0.178704,0.931786,7.471700,0.007138,81.549900,90.033200,11.766400
2023-04-28,0.210744,0.179385,0.932671,7.478940,0.007159,81.627400,90.143600,11.762600
2023-04-29,0.211060,0.179676,0.931902,7.472710,0.007169,81.560100,90.202300,11.760900
2023-04-30,0.208228,0.176474,0.919896,7.376290,0.007068,80.509300,88.371200,11.565900
2023-05-04,0.206697,0.176362,0.913630,7.326320,0.007002,79.960900,87.655600,11.488400
2023-05-05,0.204938,0.176572,0.906160,7.266210,0.006934,79.307100,87.575000,11.445600
2023-05-06,0.202974,0.177651,0.900441,7.202830,0.006860,78.613900,86.998600,11.348800
2023-05-07,0.198837,0.172518,0.879902,7.038860,0.006712,76.820700,84.907300,11.115800
2023-05-12,0.198481,0.172235,0.878498,7.027340,0.006708,76.692900,84.149800,11.039000
2023-05-13,0.196424,0.170850,0.869198,6.953150,0.006626,75.884600,82.887700,10.911900
2023-05-14,0.199814,0.173797,0.884354,7.074250,0.006734,77.204100,84.250000,11.084400
2023-05-17,0.204272,0.177359,0.905508,7.247740,0.006919,79.100400,86.086200,11.346700
2023-05-18,0.207014,0.177544,0.914246,7.328590,0.007005,79.979800,87.161900,11.464000
2023-05-19,0.209066,0.179824,0.922829,7.400120,0.007072,80.764200,87.574900,11.512400
2023-05-20,0.206797,0.177982,0.914510,7.333460,0.006982,80.036600,86.496400,11.355400
2023-05-21,0.206794,0.177896,0.913040,7.321460,0.006956,79.909300,86.277000,11.366000
2023-05-24,0.206606,0.178309,0.913367,7.324480,0.006964,79.937900,86.496300,11.349900
2023-05-25,0.207551,0.180101,0.915979,7.345490,0.007001,80.166500,86.550200,11.350400
2023-05-26,0.207200,0.181027,0.913699,7.327200,0.006996,79.966900,86.199500,11.324300
2023-05-27,0.206998,0.179966,0.913165,7.328650,0.007005,79.984100,85.876700,11.281600
2023-05-28,0.206889,0.179037,0.912966,7.326850,0.006999,79.966700,85.919000,11.304400
2023-05-31,0.207306,0.179626,0.913980,7.334780,0.007013,80.055500,85.901300,11.290100
2023-06-01,0.208753,0.181544,0.921192,7.392930,0.007065,80.687200,86.511900,11.361500
2023-06-02,0.209493,0.181163,0.924697,7.421330,0.007101,80.994200,86.500900,11.369700
2023-06-03,0.209225,0.180675,0.924405,7.418790,0.007102,80.965700,86.576400,11.362900
2023-06-04,0.208862,0.180236,0.923343,7.410530,0.007089,80.875600,87.101000,11.413900
2023-06-07,0.210002,0.181579,0.929713,7.452520,0.007117,81.329400,87.031800,11.415000
2023-06-08,0.209927,0.181075,0.929621,7.445200,0.007097,81.250200,86.951900,11.389200
2023-06-09,0.210622,0.181944,0.932176,7.464250,0.007107,81.458100,87.165100,11.416300
2023-06-10,0.212105,0.183797,0.938099,7.522630,0.007168,82.093000,88.037900,11.489600
2023-06-11,0.213998,0.185774,0.943618,7.573120,0.007227,82.641700,89.005700,11.571600
2023-06-15,0.216008,0.186981,0.954909,7.663600,0.007310,83.640500,90.389900,11.668100
2023-06-16,0.218119,0.187965,0.962723,7.726310,0.007355,84.324900,91.066800,11.762600
2023-06-17,0.217212,0.186514,0.958569,7.693320,0.007315,83.961100,90.966500,11.735600
2023-06-18,0.216407,0.185140,0.955015,7.664800,0.007299,83.649800,91.632900,11.733000
2023-06-21,0.217430,0.186227,0.960106,7.695870,0.007327,83.986600,91.796600,11.715300
2023-06-22,0.217613,0.188379,0.964422,7.718360,0.007339,84.233600,92.074500,11.725500
2023-06-23,0.218165,0.187925,0.964979,7.719420,0.007332,84.246700,92.001400,11.705900
2023-06-24,0.216522,0.186875,0.957706,7.660870,0.007270,83.607700,91.943000,11.622100
2023-06-25,0.217203,0.187836,0.963125,7.704300,0.007323,84.079300,91.493300,11.645500
2023-06-28,0.219025,0.189384,0.969551,7.757610,0.007382,84.664200,92.296900,11.687500
2023-06-29,0.219933,0.188976,0.974120,7.792990,0.007403,85.050400,93.137300,11.768000
2023-06-30,0.221507,0.190113,0.980635,7.845110,0.007453,85.619200,93.864400,11.795800
2023-07-01,0.225290,0.193255,0.997792,7.974760,0.007576,87.034100,95.105200,11.989400
2023-07-02,0.228940,0.194624,1.013570,8.098260,0.007694,88.384400,96.019500,12.158800
2023-07-05,0.230827,0.198797,1.023080,8.184860,0.007753,89.325500,97.258200,12.292300
2023-07-06,0.231832,0.199819,1.024190,8.201220,0.007763,89.545000,97.738200,12.372200
2023-07-07,0.233885,0.202193,1.031580,8.272860,0.007828,90.338000,98.414400,12.448400
2023-07-08,0.239644,0.208565,1.056850,8.476280,0.008028,92.569500,100.716300,12.755100
2023-07-09,0.237417,0.206579,1.045000,8.395940,0.007936,91.687900,99.818900,12.637700
2023-07-12,0.236361,0.206140,1.042800,8.378490,0.007908,91.493100,100.415500,12.623100
2023-07-13,0.233759,0.203431,1.031510,8.286820,0.007832,90.504500,99.677500,12.549100
2023-07-14,0.234623,0.205448,1.031420,8.297500,0.007830,90.625300,99.889000,12.582900
2023-07-15,0.232952,0.204689,1.026240,8.257090,0.007778,90.175700,100.678800,12.581000
2023-07-16,0.233463,0.203245,1.025590,8.251520,0.007781,90.119000,101.199200,12.607200
2023-07-19,0.234168,0.202521,1.029050,8.280380,0.007810,90.421700,101.649600,12.592700
2023-07-20,0.234773,0.203187,1.032100,8.303480,0.007825,90.690600,102.027100,12.635100
2023-07-21,0.235500,0.205346,1.037950,8.350920,0.007857,91.204600,102.444100,12.630300
2023-07-22,0.235198,0.205237,1.033960,8.318870,0.007832,90.854500,101.833000,12.645500
2023-07-23,0.233866,0.203574,1.028620,8.277740,0.007796,90.384600,100.656200,12.578400
2023-07-26,0.233767,0.203433,1.029920,8.286920,0.007794,90.489000,100.361400,12.553600
2023-07-27,0.232959,0.202350,1.025520,8.250030,0.007770,90.094500,99.691800,12.598800
2023-07-28,0.233040,0.202325,1.027390,8.246040,0.007754,90.046800,99.715600,12.576600
2023-07-29,0.233002,0.202621,1.027650,8.244200,0.007744,90.022500,100.217300,12.589700
2023-07-30,0.235561,0.204574,1.038100,8.331500,0.007843,90.978300,99.958600,12.689100
2023-08-02,0.237200,0.205511,1.044300,8.387880,0.007896,91.592300,100.942800,12.794900
2023-08-03,0.237650,0.205742,1.045490,8.401270,0.007899,91.775500,100.698800,12.785500
2023-08-04,0.239986,0.208613,1.057930,8.498810,0.007981,92.841000,101.926800,12.922300
2023-08-05,0.242838,0.211376,1.068460,8.582100,0.008046,93.779200,102.531000,13.039500
2023-08-06,0.245457,0.213046,1.079400,8.675020,0.008140,94.807600,103.837900,13.175500
2023-08-09,0.250115,0.216863,1.098970,8.834540,0.008282,96.566800,106.054300,13.410000
2023-08-10,0.248604,0.215242,1.093380,8.787420,0.008229,96.075500,105.435200,13.277000
2023-08-11,0.252286,0.218444,1.108450,8.905300,0.008350,97.399900,106.889700,13.474100
2023-08-12,0.251987,0.217959,1.107080,8.892410,0.008338,97.279400,107.156300,13.459000
2023-08-13,0.254421,0.220674,1.115730,8.974700,0.008133,98.206600,107.972300,13.535100
2023-08-16,0.261348,0.226643,1.144670,9.226380,0.008391,101.039900,110.684700,13.874100
2023-08-17,0.251957,0.217193,1.103680,8.888110,0.008077,97.421700,106.573600,13.322700
2023-08-18,0.250549,0.215296,1.095550,8.823000,0.008009,96.704500,105.659100,13.206500
2023-08-19,0.242771,0.206353,1.062040,8.553470,0.007755,93.746000,102.181000,12.787500
2023-08-20,0.241900,0.201655,1.058170,8.522640,0.007741,93.404700,101.480200,12.754500
2023-08-23,0.243810,0.203899,1.066530,8.589640,0.007795,94.142400,102.571900,12.862000
2023-08-24,0.243963,0.208070,1.067710,8.587220,0.007778,94.118500,102.753000,12.873400
2023-08-25,0.244163,0.208422,1.071120,8.617450,0.007812,94.442100,102.245200,12.921500
2023-08-26,0.244587,0.206057,1.069970,8.612970,0.007823,94.400700,102.471900,12.940700
2023-08-27,0.245380,0.204986,1.073590,8.640790,0.007861,94.711700,102.258600,12.972000
2023-08-30,0.247342,0.207471,1.081850,8.709890,0.007910,95.471700,103.243400,13.055000
2023-08-31,0.247849,0.206243,1.084530,8.731120,0.007928,95.707000,103.476500,13.109600
2023-09-01,0.248532,0.207889,1.086960,8.751860,0.007938,95.928300,104.449600,13.131100
2023-09-02,0.249713,0.208769,1.091560,8.787710,0.007968,96.334400,104.940700,13.194300
2023-09-03,0.249653,0.209578,1.091580,8.788480,0.007969,96.341100,104.610800,13.247900
2023-09-06,0.250447,0.211705,1.094790,8.812950,0.007984,96.619900,104.417100,13.286100
2023-09-07,0.252814,0.212261,1.105000,8.897210,0.008049,97.538300,104.904300,13.340200
2023-09-08,0.253593,0.212718,1.108460,8.925980,0.008066,97.843900,105.078900,13.374900
2023-09-09,0.254506,0.212817,1.111040,8.959090,0.008087,98.196100,105.277600,13.378700
2023-09-10,0.253801,0.210825,1.108010,8.933620,0.008068,97.924100,104.887200,13.313500
2023-09-13,0.250132,0.206971,1.091850,8.805260,0.007945,96.508300,103.533200,13.197500
2023-09-14,0.245454,0.204596,1.071430,8.640590,0.007786,94.703500,101.564600,12.952200
2023-09-15,0.248503,0.208424,1.085860,8.755410,0.007880,95.979400,103.106600,13.173500
2023-09-16,0.249096,0.207252,1.084440,8.772920,0.007907,96.160900,103.228900,13.193100
2023-09-17,0.250120,0.207289,1.089320,8.816550,0.007951,96.633800,103.035800,13.267200
2023-09-20,0.250505,0.206825,1.089470,8.817370,0.007938,96.647200,103.094500,13.238700
2023-09-21,0.249194,0.205032,1.084700,8.779040,0.007913,96.223600,102.921100,13.169500
2023-09-22,0.250077,0.204936,1.089140,8.814550,0.007940,96.617200,103.369900,13.209700
2023-09-23,0.248677,0.203026,1.083040,8.765200,0.007889,96.076200,102.360600,13.133500
2023-09-24,0.248016,0.201786,1.082650,8.762550,0.007879,96.041900,102.248500,13.141400
2023-09-27,0.248118,0.202305,1.083820,8.771770,0.007873,96.145600,102.245300,13.139400
2023-09-28,0.248221,0.203042,1.084860,8.780020,0.007884,96.237800,101.988800,13.150400
2023-09-29,0.248334,0.202353,1.087810,8.804820,0.007913,96.500000,101.978000,13.185200
2023-09-30,0.248163,0.200928,1.093470,8.851820,0.007962,97.001800,102.097900,13.275300
2023-10-01,0.247623,0.203980,1.098130,8.890720,0.008001,97.414700,103.163100,13.358700
2023-10-04,0.244843,0.207555,1.110120,8.986740,0.008089,98.478500,103.868000,13.495500
2023-10-05,0.240096,0.207521,1.119010,9.056450,0.008137,99.267700,104.062100,13.555600
2023-10-06,0.231755,0.208393,1.121130,9.072670,0.008141,99.455500,104.302400,13.577900
2023-10-07,0.238164,0.209145,1.123620,9.092470,0.008165,99.676200,104.787700,13.618300
2023-10-08,0.245029,0.210479,1.130130,9.164460,0.008238,100.491100,106.010000,13.737300
2023-10-11,0.250829,0.211859,1.139900,9.244700,0.008315,101.359800,107.032200,13.892600
2023-10-12,0.251396,0.209498,1.123870,9.109500,0.008205,99.934900,105.686400,13.682100
2023-10-13,0.252975,0.209511,1.124390,9.120420,0.008195,99.980800,105.954400,13.698200
2023-10-14,0.243883,0.203437,1.087750,8.849570,0.007940,96.994800,103.035000,13.284000
2023-10-15,0.241932,0.204522,1.091260,8.878100,0.007957,97.307500,102.552300,13.302600
2023-10-18,0.242477,0.203963,1.090880,8.876020,0.007963,97.286500,102.520000,13.289300
2023-10-19,0.242377,0.204233,1.089850,8.878920,0.007978,97.345800,102.752700,13.285500
2023-10-20,0.242419,0.204084,1.090150,8.884750,0.007985,97.372400,102.905900,13.288100
2023-10-21,0.242167,0.203576,1.089420,8.878980,0.007971,97.307400,102.625500,13.253300
2023-10-22,0.238891,0.200053,1.073730,8.750560,0.007841,95.905300,101.425700,13.068800
2023-10-25,0.235469,0.197696,1.060320,8.638490,0.007757,94.708100,100.303000,12.921900
2023-10-26,0.232435,0.195339,1.047050,8.533690,0.007654,93.522400,99.553400,12.766000
2023-10-27,0.231488,0.195752,1.042890,8.501710,0.007635,93.150700,98.654300,12.708400
2023-10-28,0.232463,0.196616,1.047490,8.537810,0.007672,93.561600,98.737600,12.750700
2023-10-29,0.231567,0.195720,1.043630,8.506400,0.007634,93.217400,98.350400,12.712200
2023-11-01,0.231799,0.198264,1.043930,8.510180,0.007625,93.243500,98.616400,12.707100
2023-11-02,0.228344,0.195017,1.030270,8.398980,0.007531,92.022600,97.934500,12.533900
2023-11-03,0.231815,0.198608,1.044340,8.516630,0.007624,93.280100,98.436500,12.705200
2023-11-04,0.231561,0.198202,1.043140,8.505140,0.007607,93.173000,98.999500,12.704200
2023-11-05,0.231304,0.198738,1.041590,8.492560,0.007601,93.035100,99.011100,12.691100
2023-11-09,0.229511,0.199834,1.034650,8.437190,0.007532,92.415100,98.786300,12.665600
2023-11-10,0.229056,0.198491,1.032210,8.417310,0.007508,92.197300,98.440300,12.663000
2023-11-11,0.228287,0.196934,1.029180,8.391750,0.007476,91.926600,98.407600,12.599800
2023-11-12,0.228653,0.196675,1.030600,8.403340,0.007491,92.053500,98.315500,12.597900
2023-11-15,0.228588,0.196876,1.031330,8.410960,0.007508,92.118500,98.531400,12.612200
2023-11-16,0.226337,0.195877,1.021690,8.329790,0.007431,91.257000,97.778100,12.494800
2023-11-17,0.222021,0.192940,1.001650,8.166860,0.007279,89.456500,97.133400,12.334800
2023-11-18,0.220865,0.192721,0.996347,8.119570,0.007242,88.946600,96.592100,12.247900
2023-11-19,0.221475,0.193097,0.999976,8.137290,0.007263,89.123700,96.769200,12.310400
2023-11-22,0.220028,0.191222,0.993016,8.080300,0.007206,88.495400,96.659700,12.323000
2023-11-23,0.218278,0.189965,0.987194,8.023570,0.007157,87.870100,96.256100,12.300900
2023-11-24,0.219092,0.192063,0.991378,8.050990,0.007185,88.164800,96.147500,12.302600
2023-11-25,0.219069,0.192896,0.992152,8.045630,0.007175,88.120600,96.227300,12.322500
2023-11-26,0.220830,0.192583,1.002100,8.107690,0.007218,88.813300,96.918700,12.394900
2023-11-29,0.220488,0.191549,0.998362,8.098210,0.007214,88.704500,97.159400,12.384200
2023-11-30,0.220264,0.192895,0.996525,8.090410,0.007198,88.610200,97.065900,12.368500
2023-12-01,0.220830,0.193630,0.998280,8.116080,0.007218,88.884100,97.650300,12.452700
2023-12-02,0.219997,0.192964,0.993468,8.088340,0.007214,88.581900,96.882700,12.392700
2023-12-03,0.222801,0.195970,1.006460,8.196310,0.007310,89.761900,97.912600,12.547900
2023-12-06,0.224967,0.197051,1.015370,8.279340,0.007372,90.672800,98.576800,12.689700
2023-12-07,0.227280,0.198518,1.025390,8.358410,0.007463,91.582300,99.134000,12.807300
2023-12-08,0.230173,0.201242,1.038770,8.464250,0.007550,92.782600,100.135300,12.951100
2023-12-09,0.229446,0.201466,1.036330,8.444440,0.007522,92.565400,99.813100,12.922000
2023-12-10,0.227260,0.199257,1.025980,8.358590,0.007447,91.640200,98.840900,12.789300
2023-12-13,0.225466,0.198826,1.018640,8.304170,0.007390,90.984600,98.076900,12.650300
2023-12-14,0.223533,0.196767,1.010030,8.227240,0.007319,90.215800,97.403000,12.563600
2023-12-15,0.222440,0.196908,1.007760,8.199340,0.007279,89.892600,96.950000,12.499300
2023-12-16,0.221647,0.196788,1.006680,8.179410,0.007251,89.674100,97.737700,12.545700
2023-12-17,0.221309,0.196863,1.007450,8.188110,0.007258,89.696600,98.418600,12.609100
2023-12-20,0.222727,0.197657,1.015340,8.248750,0.007305,90.416200,98.757800,12.657800
2023-12-21,0.221993,0.196937,1.012020,8.220070,0.007273,90.087000,98.576400,12.579000
2023-12-22,0.222926,0.197392,1.017330,8.252530,0.007307,90.405600,99.048000,12.657700
2023-12-23,0.226089,0.201031,1.031740,8.371250,0.007402,91.706200,100.511300,12.812400
2023-12-24,0.226663,0.201184,1.030420,8.391110,0.007433,91.938900,101.286300,12.859800
2023-12-27,0.226899,0.200067,1.031460,8.392170,0.007443,91.969000,101.578100,12.837900
2023-12-28,0.226325,0.200395,1.030340,8.368260,0.007427,91.706900,101.117800,12.793700
2023-12-29,0.226332,0.201011,1.030060,8.366640,0.007423,91.705100,101.345100,12.801100
2023-12-30,0.222891,0.198253,1.013940,8.243260,0.007312,90.304100,100.550600,12.674900
2023-12-31,0.221567,0.197708,1.006770,8.187120,0.007269,89.688300,99.191900,12.576200
2024-01-11,0.222884,0.199391,1.012570,8.249140,0.007296,90.404000,98.982500,12.586100
2024-01-12,0.220464,0.197255,1.000860,8.161740,0.007211,89.393900,97.874500,12.430500
2024-01-13,0.219209,0.195839,0.993974,8.104970,0.007149,88.781800,97.540100,12.363000
2024-01-14,0.217423,0.194501,0.986704,8.047590,0.007098,88.132400,96.751700,12.242800
2024-01-17,0.216225,0.194264,0.981608,8.006030,0.007070,87.677200,96.068200,12.152000
2024-01-18,0.216084,0.194177,0.981295,8.003520,0.007063,87.645700,95.600700,12.121700
2024-01-19,0.217894,0.195798,0.989479,8.068490,0.007117,88.354000,96.053100,12.193500
2024-01-20,0.218781,0.195741,0.992821,8.096890,0.007135,88.661000,96.588200,12.249000
2024-01-21,0.218513,0.196081,0.991850,8.086530,0.007133,88.589600,96.383500,12.270600
2024-01-24,0.217135,0.195477,0.985052,8.030200,0.007091,87.972400,95.885400,12.180300
2024-01-25,0.217022,0.195983,0.984649,8.027160,0.007080,87.919900,95.826600,12.227400
2024-01-26,0.218112,0.197930,0.988444,8.059720,0.007100,88.282900,96.165700,12.288700
2024-01-27,0.219332,0.199035,0.992568,8.095570,0.007137,88.656200,96.636500,12.327000
2024-01-28,0.221788,0.200695,1.002190,8.174070,0.007212,89.515900,97.094500,12.437500
2024-01-31,0.221909,0.199246,1.003240,8.178620,0.007227,89.609000,96.977700,12.449000
2024-02-01,0.221034,0.198428,0.999650,8.151170,0.007187,89.288700,96.789500,12.406600
2024-02-02,0.222115,0.200075,1.003890,8.181970,0.007214,89.667800,97.114900,12.458000
2024-02-03,0.223408,0.201523,1.010190,8.234080,0.007265,90.229900,97.400900,12.535700
2024-02-04,0.224412,0.201634,1.015030,8.274780,0.007292,90.662600,98.643700,12.600200
2024-02-07,0.225833,0.202206,1.020280,8.325960,0.007330,91.243400,98.227900,12.633500
2024-02-08,0.224333,0.200115,1.014020,8.278940,0.007272,90.684200,97.444000,12.592600
2024-02-09,0.225477,0.200513,1.019250,8.319620,0.007301,91.151400,98.093600,12.648400
2024-02-10,0.225619,0.201832,1.020420,8.327960,0.007325,91.256100,98.354300,12.635200
2024-02-11,0.224670,0.201826,1.016330,8.293200,0.007292,90.890100,97.936400,12.540700
2024-02-14,0.225140,0.203703,1.018400,8.313780,0.007309,91.075800,98.151200,12.552600
2024-02-15,0.225628,0.204167,1.019860,8.323510,0.007314,91.205700,98.191700,12.581400
2024-02-16,0.226557,0.204093,1.022380,8.344810,0.007326,91.431600,97.813300,12.583300
2024-02-17,0.227146,0.205344,1.026770,8.382820,0.007354,91.823700,98.409900,12.656600
2024-02-18,0.228844,0.206555,1.034880,8.449050,0.007406,92.549200,99.352300,12.741800
2024-02-21,0.228529,0.205960,1.033320,8.435130,0.007399,92.410200,99.488900,12.766200
2024-02-22,0.228321,0.205156,1.032640,8.429310,0.007400,92.349000,99.558900,12.797000
2024-02-23,0.228616,0.204086,1.033640,8.435960,0.007410,92.438700,99.896800,12.803900
2024-02-24,0.229380,0.205750,1.037150,8.463230,0.007423,92.751900,100.442500,12.795100
2024-02-28,0.229049,0.205904,1.035810,8.454070,0.007417,92.632100,100.177600,12.780900
2024-02-29,0.227597,0.204557,1.029210,8.398190,0.007375,92.042500,99.921400,12.735700
2024-03-01,0.227219,0.204659,1.027270,8.383910,0.007350,91.869200,99.450000,12.708500
2024-03-02,0.224768,0.201286,1.015900,8.292470,0.007276,90.842300,98.544700,12.567500
2024-03-03,0.226084,0.202689,1.021630,8.335410,0.007309,91.333600,98.722500,12.631600
2024-03-06,0.226044,0.202544,1.021510,8.335240,0.007300,91.353400,99.106100,12.647800
2024-03-07,0.225628,0.201082,1.019350,8.317860,0.007278,91.160400,98.936600,12.618000
2024-03-08,0.223650,0.200522,1.010190,8.244090,0.007212,90.341200,98.201700,12.506100
2024-03-09,0.224788,0.202783,1.014750,8.281100,0.007254,90.749300,98.876700,12.575600
2024-03-13,0.224553,0.202609,1.013360,8.272350,0.007248,90.625200,99.131700,12.593800
2024-03-14,0.225301,0.202450,1.016230,8.295770,0.007263,90.881800,99.356100,12.644000
2024-03-15,0.227215,0.203750,1.023000,8.355840,0.007304,91.544900,100.186900,12.704100
2024-03-16,0.227582,0.203685,1.023750,8.364150,0.007304,91.635900,100.262500,12.715100
2024-03-17,0.228175,0.204537,1.026370,8.388190,0.007310,91.870000,99.971800,12.732800
2024-03-20,0.228836,0.205054,1.027630,8.397040,0.007318,91.982900,100.243200,12.750100
2024-03-21,0.229831,0.205262,1.030320,8.416700,0.007343,92.224300,100.104700,12.772900
2024-03-22,0.231849,0.205476,1.035480,8.461320,0.007378,92.686100,100.613900,12.833700
2024-03-23,0.230752,0.203758,1.027260,8.391500,0.007320,91.949900,100.365000,12.751900
2024-03-24,0.232833,0.205225,1.034650,8.451910,0.007372,92.611800,100.217000,12.744500
2024-03-27,0.234254,0.205589,1.036490,8.465510,0.007378,92.776100,100.365100,12.789300
2024-03-28,0.233963,0.205142,1.034240,8.448200,0.007349,92.574500,100.412100,12.784400
2024-03-29,0.234582,0.205728,1.034430,8.449790,0.007354,92.591900,100.270400,12.747700
2024-03-30,0.233896,0.205220,1.031200,8.422290,0.007322,92.262800,99.705700,12.697900
2024-03-31,0.234861,0.206105,1.032360,8.434400,0.007319,92.366000,99.529900,12.671000
2024-04-03,0.235455,0.206570,1.032260,8.427590,0.007308,92.291400,99.566100,12.687200
2024-04-04,0.236644,0.207196,1.035540,8.444260,0.007317,92.525400,99.411600,12.721100
2024-04-05,0.237066,0.206442,1.034010,8.432520,0.007313,92.389200,99.427700,12.714500
2024-04-06,0.237540,0.206542,1.033080,8.426750,0.007287,92.305800,100.066800,12.714300
2024-04-07,0.237896,0.206982,1.034480,8.436150,0.007288,92.415500,100.125900,12.760200
2024-04-10,0.237973,0.207218,1.038280,8.454270,0.007298,92.581000,100.223600,12.769600
2024-04-11,0.238049,0.207975,1.040690,8.474780,0.007317,92.746300,100.747300,12.800400
2024-04-12,0.238799,0.208947,1.046000,8.518050,0.007354,93.219800,101.233300,12.873000
2024-04-13,0.239410,0.209593,1.051610,8.563720,0.007394,93.719600,100.679300,12.911900
2024-04-14,0.237259,0.208385,1.048500,8.544120,0.007372,93.441900,99.726400,12.868500
2024-04-17,0.236479,0.208956,1.050150,8.566590,0.007388,93.589100,99.793400,12.884400
2024-04-18,0.238018,0.209725,1.055750,8.612570,0.007434,94.074200,99.934100,12.933100
2024-04-19,0.238735,0.210165,1.059760,8.634580,0.007444,94.324200,100.278700,13.000000
2024-04-20,0.238770,0.209611,1.057140,8.613580,0.007412,94.092200,100.531600,12.976000
2024-04-21,0.238005,0.208853,1.049700,8.553100,0.007359,93.440900,99.579700,12.881600
2024-04-24,0.238228,0.208856,1.048880,8.535800,0.007348,93.251900,99.364800,12.848400
2024-04-25,0.239185,0.209334,1.049990,8.534060,0.007339,93.291800,99.560900,12.839600
2024-04-26,0.237170,0.208196,1.041130,8.462160,0.007281,92.505800,98.911800,12.718300
2024-04-27,0.237085,0.207573,1.037040,8.424440,0.007260,92.131400,98.707900,12.671600
2024-04-28,0.237099,0.207135,1.036110,8.413650,0.007279,92.013400,98.718700,12.634700
2024-04-29,0.236495,0.207013,1.033470,8.397530,0.007261,91.779100,98.027000,12.565700
2024-05-04,0.237479,0.208243,1.038020,8.430920,0.007287,92.053800,98.644700,12.682100
2024-05-05,0.236734,0.206807,1.033940,8.397760,0.007237,91.691800,98.560200,12.697200
2024-05-08,0.235390,0.206748,1.029750,8.369680,0.007204,91.312400,98.473000,12.645300
2024-05-09,0.235017,0.207367,1.028880,8.344530,0.007204,91.123100,98.306200,12.596200
2024-05-10,0.236653,0.208961,1.038880,8.414870,0.007239,91.823900,98.946100,12.624300
2024-05-15,0.236387,0.208541,1.037290,8.401380,0.007205,91.633000,98.848600,12.623000
2024-05-16,0.235650,0.207201,1.034240,8.382570,0.007194,91.359100,98.668200,12.602500
2024-05-17,0.235491,0.206980,1.033190,8.373610,0.007179,91.257300,98.826700,12.611300
2024-05-18,0.234286,0.205985,1.030160,8.342410,0.007144,90.923900,98.897800,12.583200
2024-05-19,0.234745,0.206049,1.031490,8.363880,0.007153,90.987300,98.777600,12.575300
2024-05-22,0.233662,0.204433,1.027870,8.343180,0.007141,90.653700,98.584200,12.510000
2024-05-23,0.232867,0.203751,1.025620,8.331550,0.007126,90.408200,98.297100,12.461300
2024-05-24,0.232224,0.204139,1.024630,8.318070,0.007097,90.188700,97.898900,12.427400
2024-05-25,0.232852,0.204279,1.025610,8.339670,0.007092,90.248600,97.878800,12.426600
2024-05-26,0.231329,0.202475,1.019860,8.295350,0.007056,89.702600,97.095400,12.330000
2024-05-29,0.228552,0.200120,1.008770,8.201270,0.006981,88.685200,96.303400,12.190300
2024-05-30,0.227914,0.199705,1.006110,8.189340,0.006975,88.437500,96.238300,12.162800
2024-05-31,0.230346,0.202131,1.017780,8.275440,0.007056,89.258900,96.891000,12.275200
2024-06-01,0.231219,0.202748,1.023800,8.334590,0.007103,89.786900,97.134700,12.365000
2024-06-02,0.232824,0.202773,1.028410,8.381020,0.007147,90.191500,97.790800,12.402800
2024-06-05,0.230635,0.199833,1.019100,8.303570,0.007093,89.375500,96.872100,12.301100
2024-06-06,0.229146,0.198527,1.013810,8.245760,0.007036,88.757400,96.563000,12.224800
2024-06-07,0.228620,0.198084,1.016330,8.247320,0.007007,88.743600,96.444300,12.224400
2024-06-08,0.228970,0.197843,1.016710,8.264240,0.007002,88.760400,96.569800,12.225100
2024-06-09,0.228936,0.198618,1.016720,8.266870,0.007011,88.760600,96.691600,12.229000
2024-06-12,0.229639,0.198928,1.022800,8.288650,0.007037,88.994400,95.636700,12.221300
2024-06-13,0.229685,0.198655,1.023350,8.295180,0.007046,89.021400,95.739100,12.231000
2024-06-15,0.227317,0.195250,1.012510,8.221690,0.006989,88.208000,94.832400,12.040800
2024-06-16,0.229261,0.197319,1.013730,8.279880,0.007060,89.065800,95.151400,12.162900
2024-06-19,0.229050,0.197542,1.013540,8.280860,0.007059,89.049900,95.390600,12.126700
2024-06-20,0.223897,0.192165,0.993537,8.093530,0.006899,87.035400,93.299400,11.796400
2024-06-21,0.212641,0.180419,0.946486,7.706130,0.006544,82.628200,89.091400,11.165200
2024-06-22,0.220058,0.185791,0.982976,8.018320,0.006756,85.417600,91.454300,11.518500
2024-06-23,0.226396,0.191383,1.013840,8.268580,0.006959,87.959500,94.260600,12.045500
2024-06-26,0.225159,0.188012,1.007840,8.201030,0.006921,87.373000,94.075900,11.858200
2024-06-27,0.224825,0.187580,1.007970,8.182960,0.006927,87.277000,93.734700,11.810500
2024-06-28,0.226113,0.187906,1.015440,8.232600,0.006976,87.806400,94.113100,11.874800
2024-06-29,0.218912,0.183203,0.982811,7.956700,0.006754,84.964000,90.987400,11.475300
2024-06-30,0.220909,0.184198,0.991932,8.041040,0.006830,85.748000,92.418400,11.575600
2024-07-03,0.224958,0.185164,1.010970,8.186310,0.006952,87.297200,93.958200,11.801900
2024-07-04,0.226690,0.185176,1.021630,8.248000,0.006992,87.992100,93.695000,11.901700
2024-07-05,0.226537,0.186403,1.021960,8.244110,0.006996,87.950600,94.582900,11.893600
2024-07-06,0.227132,0.186471,1.024390,8.268010,0.007003,88.120500,94.983600,11.989600
2024-07-07,0.227169,0.185395,1.026020,8.269360,0.006995,88.134800,95.570000,12.005800
2024-07-10,0.227309,0.185124,1.028010,8.257900,0.006995,88.168800,95.662400,11.980400
2024-07-11,0.226806,0.184776,1.027570,8.256460,0.006974,88.003100,95.344700,11.946900
2024-07-12,0.226495,0.182738,1.027680,8.242570,0.006956,87.855100,95.320600,11.959600
2024-07-13,0.226510,0.183891,1.031390,8.249700,0.006965,87.988000,95.681700,11.998700
2024-07-14,0.226141,0.185010,1.028640,8.231410,0.006933,87.742700,95.758800,11.976600
2024-07-17,0.226419,0.184847,1.029400,8.237510,0.006949,87.807700,95.784900,11.979100
2024-07-18,0.227550,0.186845,1.035780,8.271250,0.007002,88.282400,96.263700,12.049200
2024-07-19,0.226894,0.185595,1.036830,8.261940,0.006999,88.087200,96.304600,12.053700
2024-07-20,0.226489,0.185067,1.036240,8.244550,0.006981,87.875400,96.101800,12.022700
2024-07-21,0.226641,0.184518,1.039910,8.258180,0.006985,88.020600,96.037100,12.033500
2024-07-24,0.226384,0.183419,1.037590,8.233640,0.006961,87.780500,95.759100,11.974000
2024-07-25,0.225050,0.184506,1.034760,8.186400,0.006932,87.299000,95.459800,11.906200
2024-07-26,0.222844,0.183129,1.027580,8.120300,0.006878,86.550200,94.375800,11.826300
2024-07-27,0.220191,0.180156,1.014370,8.013320,0.006765,85.410000,93.171100,11.740800
2024-07-28,0.220301,0.180243,1.018140,8.053930,0.006773,85.565000,93.264100,11.729600
2024-07-31,0.223282,0.182287,1.030050,8.131620,0.006870,86.555400,94.138100,11.856700
2024-08-01,0.222282,0.182404,1.027370,8.126020,0.006866,86.330000,93.294700,11.836800
2024-08-02,0.221873,0.181141,1.024740,8.117220,0.006866,86.109100,93.514900,11.874700
2024-08-03,0.221188,0.180997,1.020870,8.086510,0.006839,85.783300,92.849900,11.791800
2024-08-04,0.220968,0.180536,1.019900,8.080250,0.006815,85.702400,92.829100,11.830700
2024-08-07,0.219060,0.178998,1.005260,8.012060,0.006752,84.947100,93.040900,11.828900
2024-08-08,0.219378,0.178486,1.006850,8.034400,0.006762,85.164600,93.026500,11.789000
2024-08-09,0.221686,0.179296,1.014360,8.114710,0.006813,85.954300,93.841900,11.807400
2024-08-10,0.222817,0.181998,1.016540,8.175880,0.006848,86.562100,94.133300,11.866400
2024-08-11,0.226655,0.184415,1.030350,8.310460,0.006955,87.992000,95.184400,11.891100
2024-08-14,0.231668,0.188553,1.053250,8.492180,0.007114,89.947500,96.685200,11.857600
2024-08-15,0.238431,0.193431,1.081550,8.745890,0.007336,92.659200,100.559000,12.023300
2024-08-16,0.231722,0.187730,1.050240,8.459960,0.007132,90.005500,100.313900,12.067200
2024-08-17,0.228702,0.185057,1.036130,8.332800,0.007035,88.796000,98.323200,11.931900
2024-08-18,0.229069,0.185775,1.037410,8.340170,0.007028,88.906200,97.839000,12.054200
2024-08-21,0.230685,0.186972,1.044840,8.399890,0.007074,89.542800,98.935500,12.120400
2024-08-22,0.233688,0.189444,1.058620,8.501060,0.007175,90.694400,100.204000,12.116100
2024-08-23,0.236086,0.192291,1.070990,8.594020,0.007262,91.686200,101.950800,12.211400
2024-08-24,0.235279,0.191903,1.067740,8.557750,0.007219,91.288100,101.620700,11.956700
2024-08-25,0.236061,0.191202,1.073370,8.583400,0.007226,91.601200,101.612500,11.774700
2024-08-28,0.236465,0.190096,1.077040,8.601170,0.007233,91.774500,102.492700,11.686300
2024-08-29,0.235884,0.189146,1.074520,8.573640,0.007220,91.480700,102.291100,11.751300
2024-08-30,0.235737,0.190276,1.074560,8.574940,0.007228,91.444900,102.079800,11.835700
2024-08-31,0.235799,0.190048,1.075220,8.566550,0.007216,91.454800,101.771400,11.905700
2024-09-01,0.235303,0.189330,1.073860,8.553070,0.007223,91.186800,100.762200,12.015100
2024-09-04,0.232178,0.186868,1.062210,8.430170,0.007129,90.001300,99.261300,12.053200
2024-09-05,0.228746,0.183640,1.047330,8.298070,0.007019,88.611800,97.812100,12.110600
2024-09-06,0.229417,0.184217,1.054040,8.340880,0.007035,88.928800,98.072500,12.508600
2024-09-07,0.231615,0.185504,1.064990,8.413630,0.007091,89.704400,99.192700,12.505400
2024-09-08,0.232046,0.185991,1.066780,8.427230,0.007068,89.822500,99.715600,12.538700
2024-09-11,0.233463,0.188087,1.073460,8.481630,0.007117,90.385300,99.906700,12.626200
2024-09-12,0.235300,0.190258,1.082100,8.549880,0.007185,91.112700,100.499500,12.695200
2024-09-13,0.235663,0.191152,1.083910,8.559390,0.007194,91.265300,100.742100,12.717300
2024-09-14,0.235261,0.190758,1.080010,8.544700,0.007165,91.109600,100.390700,12.736200
2024-09-15,0.234833,0.190586,1.075510,8.528280,0.007137,90.934500,100.795800,12.717800
2024-09-18,0.235394,0.190125,1.076460,8.550660,0.007149,91.142300,101.278900,12.776200
2024-09-19,0.235879,0.190236,1.081290,8.576040,0.007182,91.429200,101.505700,12.922600
2024-09-20,0.236821,0.190731,1.086640,8.604880,0.007200,91.671200,102.039000,12.945100
2024-09-21,0.239062,0.193536,1.099930,8.701090,0.007276,92.696200,103.249000,13.102800
2024-09-22,0.239070,0.193316,1.099080,8.692270,0.007276,92.584800,103.377300,13.042500
2024-09-25,0.239590,0.193967,1.102910,8.720620,0.007299,92.920000,103.219100,13.113400
2024-09-26,0.239731,0.193262,1.102590,8.715200,0.007285,92.862200,103.410000,13.216000
2024-09-27,0.238421,0.192591,1.097240,8.673460,0.007243,92.388000,103.475800,13.093900
2024-09-28,0.238501,0.193256,1.097480,8.680010,0.007243,92.407400,103.193100,13.145100
2024-09-29,0.239370,0.193741,1.101100,8.704920,0.007279,92.712600,103.469400,13.216300
2024-10-02,0.240704,0.194525,1.107100,8.752760,0.007331,93.222100,104.173500,13.242500
2024-10-03,0.241167,0.194015,1.108220,8.773520,0.007342,93.358100,103.650200,13.195900
2024-10-04,0.244086,0.196841,1.119730,8.870830,0.007418,94.505400,104.448100,13.391400
2024-10-05,0.245514,0.196648,1.125100,8.919720,0.007448,95.026200,104.866400,13.480800
2024-10-06,0.245148,0.196475,1.120070,8.913170,0.007446,94.870000,104.742400,13.412700
2024-10-09,0.248275,0.199371,1.134180,9.025430,0.007520,96.064900,105.306900,13.553700
2024-10-10,0.248072,0.198418,1.129870,9.021170,0.007511,96.107900,105.689100,13.581000
2024-10-11,0.250474,0.199302,1.137890,9.099370,0.007582,96.948300,106.417500,13.686900
2024-10-12,0.251167,0.198829,1.141310,9.129950,0.007610,97.239400,106.507400,13.692200
2024-10-13,0.248130,0.195723,1.123610,9.010040,0.007524,96.068600,105.109500,13.475200
2024-10-16,0.248242,0.197185,1.124000,9.016810,0.007520,96.102100,105.485400,13.498700
2024-10-17,0.250548,0.200393,1.134640,9.101680,0.007577,97.012100,105.675700,13.568300
2024-10-18,0.251128,0.199534,1.137510,9.124640,0.007602,97.256800,106.084400,13.591700
2024-10-19,0.250727,0.198697,1.136250,9.121290,0.007603,97.149000,105.756000,13.548700
2024-10-20,0.248979,0.197884,1.127690,9.046550,0.007531,96.417200,104.856500,13.463100
2024-10-23,0.248198,0.198112,1.123890,9.011760,0.007498,96.092400,104.401600,13.473300
2024-10-24,0.249456,0.200531,1.129730,9.058170,0.007543,96.591800,104.866000,13.546300
2024-10-25,0.249279,0.199587,1.130270,9.056890,0.007539,96.637900,104.381500,13.519200
2024-10-26,0.249884,0.198788,1.127510,9.066480,0.007541,96.740200,104.513900,13.534800
2024-10-27,0.249621,0.199266,1.126640,9.071060,0.007543,96.665700,104.809400,13.500700
2024-10-30,0.251156,0.200429,1.133220,9.123920,0.007591,97.230000,105.222900,13.610300
2024-10-31,0.251450,0.199516,1.134340,9.132260,0.007607,97.326100,105.437500,13.595400
2024-11-01,0.250751,0.197383,1.131150,9.108770,0.007591,97.053000,105.221100,13.587600
2024-11-02,0.250303,0.198634,1.130800,9.105910,0.007595,97.022600,105.523100,13.606800
2024-11-03,0.251673,0.199566,1.135670,9.150950,0.007624,97.440200,105.841500,13.639400
2024-11-04,0.251956,0.199852,1.136950,9.161250,0.007633,97.549900,106.142600,13.673100
2024-11-07,0.253218,0.200376,1.137910,9.206810,0.007667,98.056200,106.888300,13.753900
2024-11-08,0.253572,0.200903,1.139480,9.222530,0.007689,98.223600,105.708600,13.639500
2024-11-09,0.253267,0.199278,1.137730,9.208350,0.007670,98.072600,105.567900,13.624000
2024-11-10,0.252558,0.198760,1.134960,9.179950,0.007638,97.833500,105.451000,13.594000
2024-11-13,0.252878,0.199213,1.136370,9.193770,0.007639,97.955000,104.852200,13.552000
2024-11-14,0.252783,0.198835,1.136380,9.193850,0.007651,97.955900,104.253300,13.495100
2024-11-15,0.253749,0.198739,1.141130,9.231100,0.007689,98.365700,104.290100,13.598000
2024-11-16,0.255438,0.201187,1.146350,9.294060,0.007731,99.018000,104.501600,13.659600
2024-11-17,0.257559,0.202485,1.156040,9.383580,0.007812,99.997100,105.707200,13.799200
2024-11-20,0.256996,0.201518,1.155410,9.372700,0.007801,99.943000,105.460600,13.759700
2024-11-21,0.257179,0.200917,1.156470,9.382900,0.007800,100.034800,105.733800,13.774400
2024-11-22,0.257507,0.201543,1.158600,9.400020,0.007803,100.219200,105.809000,13.822400
2024-11-23,0.258518,0.203311,1.163930,9.443220,0.007831,100.679800,106.076200,13.882100
2024-11-24,0.263178,0.207279,1.185850,9.616120,0.007986,102.576100,107.425200,13.942700
2024-11-27,0.266035,0.208273,1.195890,9.727710,0.008090,103.790800,108.870500,14.205700
2024-11-28,0.268779,0.210749,1.210370,9.840250,0.008198,105.060400,110.494300,14.444900
2024-11-29,0.275797,0.216649,1.244360,10.109830,0.008425,108.010400,113.094700,14.838200
2024-11-30,0.278846,0.219371,1.262420,10.246220,0.008529,109.578200,116.141000,14.665300
2024-12-01,0.273011,0.210021,1.241250,9.916970,0.008375,107.740900,114.314900,14.723300
2024-12-04,0.269367,0.209647,1.234750,9.834630,0.008339,107.175800,112.801900,14.625800
2024-12-05,0.265742,0.202424,1.223360,9.729950,0.008271,106.187800,112.020000,14.554500
2024-12-06,0.258830,0.199239,1.200880,9.551640,0.008127,104.236100,110.204100,14.256500
2024-12-07,0.256516,0.197455,1.191060,9.464940,0.008069,103.383700,109.780200,14.139900
2024-12-08,0.247742,0.189501,1.145410,9.105370,0.007745,99.421500,106.304000,13.597000
2024-12-11,0.251089,0.193094,1.144880,9.122910,0.007741,99.375900,105.099600,13.524000
2024-12-12,0.253330,0.196111,1.152450,9.183180,0.007778,100.032400,106.202400,13.656600
2024-12-13,0.261876,0.203269,1.189750,9.446820,0.008022,103.270700,108.558800,13.853900
2024-12-14,0.263625,0.201091,1.197580,9.506520,0.008080,103.950000,110.480400,13.959400
2024-12-15,0.262507,0.197798,1.189430,9.458410,0.008043,103.430500,109.012600,14.009600
2024-12-18,0.261319,0.196965,1.182930,9.420940,0.007982,102.912500,108.701600,13.860300
2024-12-19,0.261025,0.197129,1.183880,9.431010,0.008000,102.997900,108.344400,13.961300
2024-12-20,0.260444,0.195891,1.181340,9.423660,0.007986,102.776300,108.508300,14.076100
2024-12-21,0.261884,0.197885,1.188740,9.482740,0.008041,103.420700,107.957600,14.186000
2024-12-22,0.259065,0.195305,1.176370,9.368710,0.007949,102.343800,106.544400,13.989700
2024-12-25,0.256874,0.193972,1.167980,9.300140,0.007881,101.614300,105.251200,13.825400
2024-12-26,0.252364,0.190699,1.147960,9.138250,0.007741,99.872900,104.231000,13.662400
2024-12-27,0.251509,0.193089,1.144970,9.114430,0.007716,99.612500,103.941600,13.605400
2024-12-28,0.250466,0.192705,1.140570,9.079140,0.007675,99.229500,103.299700,13.471600
2024-12-29,0.253552,0.195105,1.155500,9.198540,0.007781,100.528100,105.952200,13.443400
2024-12-30,0.256456,0.194860,1.168740,9.300260,0.007870,101.679700,106.102800,13.427200
2025-01-11,0.257758,0.194016,1.175760,9.350360,0.007891,102.291100,105.089300,13.693400
2025-01-12,0.256815,0.194216,1.171430,9.308540,0.007876,101.914600,105.046400,13.686600
2025-01-15,0.258567,0.194962,1.174670,9.384190,0.007927,102.708100,104.855600,13.818400
2025-01-16,0.260038,0.195713,1.182820,9.450880,0.007974,103.438000,106.249300,13.948600
2025-01-17,0.258253,0.193889,1.175630,9.391670,0.007926,102.807800,106.097100,13.919700
2025-01-18,0.257162,0.193272,1.170690,9.352240,0.007898,102.376200,105.807200,13.914300
2025-01-19,0.256715,0.193361,1.171110,9.352420,0.007905,102.413700,104.860900,13.933800
2025-01-22,0.255764,0.192330,1.165930,9.318800,0.007863,101.957900,105.045700,13.830200
2025-01-23,0.250547,0.188547,1.142690,9.128950,0.007702,99.928200,103.285600,13.737000
2025-01-24,0.246477,0.186285,1.123850,8.978410,0.007569,98.280400,103.241900,13.544300
2025-01-25,0.248440,0.190240,1.133220,9.052510,0.007629,99.097800,103.661200,13.578600
2025-01-26,0.246293,0.188093,1.123650,8.976300,0.007571,98.263600,103.187000,13.510100
2025-01-29,0.243830,0.187571,1.110710,8.871470,0.007490,97.132000,102.746000,13.380600
2025-01-30,0.245923,0.189573,1.120250,8.947630,0.007557,97.965800,101.595700,13.456800
2025-01-31,0.246096,0.189899,1.120780,8.972720,0.007554,98.012600,102.404100,13.381700
2025-02-01,0.246296,0.189622,1.120710,8.986780,0.007557,98.006200,102.778200,13.372900
2025-02-02,0.246158,0.188358,1.118480,8.953580,0.007549,97.810700,102.130100,13.263800
2025-02-05,0.251753,0.192889,1.142860,9.147960,0.007703,99.943300,102.491000,13.409500
2025-02-06,0.248377,0.188906,1.126740,9.005660,0.007588,98.533600,102.685200,13.298500
2025-02-07,0.247253,0.188471,1.121280,8.962380,0.007543,98.055600,102.921500,13.249000
2025-02-08,0.244211,0.187822,1.108180,8.854550,0.007463,96.910400,100.675100,13.050300
2025-02-09,0.245176,0.188772,1.112360,8.889920,0.007500,97.276200,101.224300,13.236500
2025-02-12,0.244146,0.189331,1.106710,8.845980,0.007469,96.782100,100.499100,13.242100
2025-02-13,0.241596,0.187668,1.095510,8.753150,0.007385,95.802400,99.195300,13.025800
2025-02-14,0.237161,0.185709,1.075450,8.591960,0.007246,94.048500,98.011900,12.770200
2025-02-15,0.229633,0.181587,1.040950,8.319590,0.007008,91.031300,94.922100,12.335600
2025-02-16,0.227762,0.181389,1.032700,8.253660,0.006945,90.309900,94.887600,12.366800
2025-02-19,0.230669,0.184612,1.045570,8.356150,0.007037,91.434700,95.804800,12.493500
2025-02-20,0.230522,0.183137,1.044480,8.345190,0.007036,91.339800,95.669300,12.416700
2025-02-21,0.228512,0.181620,1.034040,8.257170,0.006972,90.426800,94.083400,12.360800
2025-02-22,0.223901,0.175752,1.012120,8.082170,0.006835,88.510300,92.483100,12.125200
2025-02-23,0.223543,0.176420,1.008210,8.049920,0.006819,88.167600,92.015200,12.043000
2025-02-26,0.223931,0.175546,1.008650,8.063490,0.006829,88.206500,92.516200,12.063400
2025-02-27,0.220129,0.172268,0.990650,7.919540,0.006716,86.631800,90.940300,11.800200
2025-02-28,0.218363,0.172307,0.982590,7.851380,0.006669,85.927900,90.182600,11.737000
2025-03-01,0.222999,0.174946,1.002820,8.015050,0.006809,87.696700,92.036200,11.956300
2025-03-02,0.224372,0.175989,1.009240,8.084420,0.006854,88.256800,91.565500,12.075400
2025-03-05,0.226700,0.178778,1.020580,8.172380,0.006924,89.249700,92.853000,12.165800
2025-03-06,0.226590,0.178808,1.020560,8.155270,0.006920,89.244800,93.903400,12.190600
2025-03-07,0.227714,0.179669,1.026730,8.209100,0.006958,89.787800,95.703500,12.289000
2025-03-08,0.227007,0.180331,1.024360,8.189400,0.006943,89.572400,96.597500,12.289200
2025-03-09,0.225901,0.179728,1.019280,8.154520,0.006900,89.136200,96.860900,12.238700
2025-03-12,0.223918,0.178618,1.010720,8.072550,0.006842,88.387200,95.444300,12.079800
2025-03-13,0.219691,0.174939,0.989910,7.906300,0.006690,86.566900,93.663900,11.845800
2025-03-14,0.220173,0.177308,0.990510,7.916540,0.006698,86.620400,93.971000,11.924200
2025-03-15,0.220550,0.177081,0.990500,7.916410,0.006704,86.619000,94.255900,11.873000
2025-03-16,0.218434,0.172770,0.978500,7.828070,0.006614,85.569400,93.608700,11.816700
2025-03-19,0.214880,0.166893,0.964640,7.707120,0.006508,84.305900,90.844300,11.600000
2025-03-20,0.208146,0.163317,0.936640,7.457250,0.006297,81.501800,87.569700,11.223200
2025-03-21,0.211581,0.166896,0.967750,7.580490,0.006405,82.848700,90.825700,11.433700
2025-03-22,0.215152,0.168683,0.982430,7.722510,0.006529,84.395500,92.463300,11.601900
2025-03-23,0.215621,0.168327,0.985270,7.744890,0.006548,84.640000,91.426200,11.577900
2025-03-26,0.214056,0.166803,0.967510,7.674770,0.006481,83.873700,91.525200,11.461000
2025-03-27,0.214888,0.167438,0.973710,7.703980,0.006503,84.193000,92.340900,11.557200
2025-03-28,0.214922,0.167465,0.973974,7.705220,0.006513,84.206500,92.002900,11.522500
2025-03-29,0.213968,0.167065,0.969187,7.671200,0.006494,83.834700,90.544100,11.497000
2025-03-30,0.213696,0.167950,0.968534,7.674230,0.006480,83.681300,89.655300,11.457500
2025-04-02,0.218342,0.169831,0.988338,7.840680,0.006621,85.496300,92.427600,11.713600
2025-04-03,0.217005,0.168247,0.979316,7.783300,0.006560,84.870700,91.964300,11.602900
2025-04-04,0.216158,0.168046,0.974435,7.750110,0.006542,84.552200,91.204400,11.525800
2025-04-05,0.215637,0.167743,0.973145,7.758430,0.006534,84.383000,93.160800,11.481800
2025-04-06,0.215422,0.168027,0.971287,7.748720,0.006523,84.277400,92.985500,11.604400
2025-04-09,0.220354,0.170895,0.992588,7.910160,0.006657,86.189100,94.774200,11.728600
2025-04-10,0.218573,0.164890,0.981702,7.846430,0.006591,85.464100,93.775500,11.566400
2025-04-11,0.219747,0.166019,0.985138,7.908460,0.006643,86.092300,95.091000,11.635200
2025-04-12,0.217387,0.163341,0.972166,7.813030,0.006553,85.015900,94.603600,11.533600
2025-04-13,0.214806,0.163058,0.960595,7.708270,0.006478,84.004000,96.216300,11.447100
2025-04-16,0.211724,0.160732,0.946451,7.601050,0.006376,82.767100,94.163500,11.227400
2025-04-17,0.210659,0.158817,0.941121,7.566310,0.006346,82.300300,93.684400,11.164000
2025-04-18,0.211080,0.159775,0.944766,7.592870,0.006362,82.589200,93.335600,11.281200
2025-04-19,0.209802,0.157226,0.940235,7.552420,0.006312,82.020000,93.251300,11.191500
2025-04-20,0.207565,0.155079,0.931540,7.502340,0.006258,81.137100,92.223200,11.088900
2025-04-23,0.206806,0.154742,0.929685,7.539040,0.006242,80.759700,93.671400,11.064800
2025-04-24,0.208807,0.156198,0.937692,7.624530,0.006310,81.462000,94.040000,11.112300
2025-04-25,0.211428,0.158982,0.946791,7.730850,0.006395,82.363700,94.572300,11.338800
2025-04-26,0.212691,0.159849,0.948905,7.789400,0.006428,82.855900,94.712900,11.397900
2025-04-27,0.211756,0.159825,0.945168,7.770510,0.006394,82.654900,94.359300,11.350600
2025-04-30,0.211952,0.160276,0.943930,7.775390,0.006371,82.546700,93.180100,11.276100
2025-05-01,0.209428,0.158779,0.932666,7.695000,0.006299,81.561600,93.173000,11.201600
2025-05-02,0.208989,0.159067,0.931885,7.701200,0.006301,81.493300,92.837000,11.171300
2025-05-07,0.210326,0.158698,0.936692,7.885340,0.006342,81.913700,92.908200,11.302500
2025-05-08,0.207889,0.156142,0.925836,7.774950,0.006258,80.964400,91.916900,11.215500
2025-05-09,0.207720,0.157165,0.924656,7.759150,0.006256,80.861200,92.143900,11.181900
2025-05-14,0.208014,0.156757,0.924966,7.766000,0.006280,80.888300,90.111700,11.178900
2025-05-15,0.207560,0.156791,0.921098,7.733520,0.006246,80.550000,89.695600,11.157300
2025-05-16,0.206767,0.157283,0.917366,7.715520,0.006202,80.223700,90.382100,11.112800
2025-05-17,0.207560,0.158656,0.918392,7.724150,0.006187,80.313400,90.101100,11.114300
2025-05-18,0.209067,0.158190,0.923601,7.777610,0.006230,80.768900,90.706200,11.159300
2025-05-21,0.208218,0.157826,0.919539,7.750200,0.006225,80.413700,90.509800,11.117900
2025-05-22,0.208634,0.157225,0.918325,7.777360,0.006246,80.307500,89.967900,11.162500
2025-05-23,0.207118,0.155892,0.911984,7.732870,0.006186,79.753000,91.299000,11.087600
2025-05-24,0.207407,0.156164,0.911786,7.740880,0.006163,79.735700,90.200400,11.010100
2025-05-25,0.207705,0.157199,0.911501,7.757520,0.006177,79.710800,90.520700,11.077200
2025-05-28,0.207369,0.155937,0.910907,7.790210,0.006167,79.658800,90.464400,11.080200
2025-05-29,0.207143,0.155795,0.910436,7.825750,0.006153,79.617600,90.900700,11.101400
2025-05-30,0.207107,0.155427,0.910277,7.864040,0.006177,79.603700,90.336500,11.050400
2025-05-31,0.204339,0.153117,0.897621,7.840290,0.006118,78.497000,88.948100,10.894000
2025-06-01,0.204764,0.154375,0.898995,7.873600,0.006157,78.617100,89.251200,10.889700
2025-06-04,0.206091,0.154908,0.904843,7.961250,0.006187,79.128500,90.377000,10.945200
2025-06-05,0.205426,0.154203,0.901714,7.972310,0.006144,78.854900,89.926700,10.912800
2025-06-06,0.204561,0.153295,0.897684,7.936680,0.006106,78.502500,89.310800,10.868500
2025-06-07,0.206383,0.154645,0.904828,8.004450,0.006166,79.127200,90.663500,11.020800
2025-06-08,0.206463,0.155178,0.905321,8.008810,0.006170,79.170300,90.395400,11.011000
2025-06-11,0.206615,0.155147,0.905138,7.989650,0.006195,79.154300,90.366600,10.978400
2025-06-12,0.204934,0.154573,0.898803,7.915280,0.006183,78.600300,89.791800,10.905700
2025-06-13,0.206139,0.155389,0.903405,7.955810,0.006233,79.002800,90.006800,10.931700
2025-06-18,0.204572,0.153357,0.897732,7.742740,0.006152,78.506700,90.943800,10.897900
2025-06-19,0.204834,0.153605,0.900097,7.775320,0.006191,78.713500,90.754800,10.921000
2025-06-20,0.204759,0.152126,0.900142,7.804310,0.006214,78.717400,90.309300,10.872800
2025-06-21,0.203955,0.151277,0.897472,7.918550,0.006220,78.483900,89.838000,10.860500
2025-06-22,0.203541,0.151095,0.897674,7.920170,0.006250,78.501600,90.135600,10.902100
2025-06-25,0.202788,0.150109,0.895654,7.908310,0.006265,78.292300,89.838800,10.869100
2025-06-26,0.203281,0.149752,0.898272,7.914180,0.006316,78.389200,91.737000,10.965700
2025-06-27,0.202953,0.150591,0.896414,7.894670,0.006278,78.195900,91.059900,10.906900
2025-06-28,0.203195,0.150842,0.895990,7.900010,0.006241,78.211700,91.660100,10.934300
2025-06-29,0.204175,0.151384,0.897871,7.925950,0.006234,78.468500,92.278500,10.943300
2025-07-02,0.204251,0.150903,0.898194,7.932000,0.006206,78.528400,92.267200,10.929800
2025-07-03,0.203514,0.150909,0.896719,7.958480,0.006177,78.418100,92.744000,10.938400
2025-07-04,0.204556,0.151464,0.899417,7.976840,0.006205,78.654000,92.677400,10.946500
2025-07-05,0.204919,0.151982,0.900893,8.060390,0.006257,78.783100,93.127700,10.985200
2025-07-06,0.205162,0.151732,0.901491,8.065750,0.006278,78.835400,93.010300,10.994700
2025-07-09,0.204937,0.151525,0.900154,8.087790,0.006244,78.718500,92.413800,10.980800
2025-07-10,0.203462,0.150465,0.893862,8.097730,0.006166,78.168200,91.966700,10.859700
2025-07-11,0.203670,0.150454,0.893913,8.098200,0.006149,78.172700,91.417500,10.849400
2025-07-12,0.203010,0.150111,0.890828,8.059480,0.006157,77.902900,91.499200,10.818500
2025-07-13,0.202874,0.150259,0.890629,8.040040,0.006165,77.885500,91.120100,10.843500
2025-07-16,0.204020,0.150447,0.896264,8.090280,0.006213,78.372200,91.773800,10.893200
2025-07-17,0.202953,0.148707,0.891463,8.124390,0.006139,77.958400,91.153100,10.835300
2025-07-18,0.203038,0.148247,0.891464,8.124400,0.006101,77.958500,90.563500,10.841400
2025-07-19,0.203545,0.148501,0.894061,8.157590,0.006128,78.185600,90.971600,10.878700
2025-07-20,0.203818,0.147000,0.895516,8.156740,0.006187,78.312900,91.082100,10.895900
2025-07-23,0.204068,0.146788,0.895682,8.175110,0.006227,78.327400,91.513800,10.891000
2025-07-24,0.203371,0.147492,0.892947,8.150150,0.006196,78.088200,91.778200,10.882900
2025-07-25,0.204344,0.147469,0.897866,8.185700,0.006175,78.447700,91.789700,10.959300
2025-07-26,0.205510,0.146410,0.903320,8.228970,0.006179,78.862300,93.336200,11.065200
2025-07-27,0.207201,0.146795,0.911257,8.340260,0.006287,79.552700,93.350800,11.065900
2025-07-30,0.207359,0.146050,0.911549,8.339170,0.006325,79.578200,93.206000,11.120900
2025-07-31,0.214203,0.151851,0.941630,8.615980,0.006570,82.219700,94.997600,11.427000
2025-08-01,0.213200,0.150978,0.935788,8.589590,0.006547,81.834700,94.951400,11.368300
2025-08-02,0.209255,0.147003,0.918425,8.430210,0.006379,80.316300,91.875100,11.092800
2025-08-03,0.209435,0.148543,0.918569,8.454250,0.006329,80.328900,91.705600,11.089900
2025-08-06,0.207721,0.146664,0.911076,8.397120,0.006261,79.673600,92.325200,11.067000
2025-08-07,0.208445,0.147741,0.915369,8.468280,0.006342,80.049000,92.509400,11.103600
2025-08-08,0.209006,0.149185,0.916997,8.542540,0.006403,80.191400,93.007200,11.116500
2025-08-09,0.206920,0.147946,0.907772,8.456610,0.006349,79.384700,92.663600,11.017000
2025-08-10,0.207981,0.147910,0.912288,8.506290,0.006335,79.779600,92.880000,11.066500
2025-08-13,0.207695,0.147672,0.911235,8.500150,0.006287,79.667700,92.948500,11.051400
2025-08-14,0.208101,0.147185,0.914384,8.531360,0.006344,79.871400,92.858300,11.060900
2025-08-15,0.207538,0.146791,0.911313,8.510250,0.006363,79.603200,93.387500,11.066700
2025-08-16,0.207993,0.148274,0.912868,8.527950,0.006382,79.765300,93.058800,11.094000
2025-08-17,0.208881,0.148732,0.915211,8.561110,0.006360,80.022400,93.709400,11.107200
2025-08-20,0.209841,0.148697,0.919675,8.596610,0.006410,80.425600,94.088400,11.154700
2025-08-21,0.209799,0.148790,0.918772,8.588170,0.006429,80.346600,93.560400,11.170200
2025-08-22,0.209276,0.148736,0.916084,8.550770,0.006396,80.104500,93.479100,11.145100
2025-08-23,0.209707,0.149081,0.917743,8.530670,0.006438,80.254800,93.504900,11.156200
2025-08-24,0.211044,0.150162,0.923621,8.583280,0.006505,80.749800,93.627400,11.198200
2025-08-27,0.210763,0.150155,0.923471,8.444270,0.006529,80.684200,94.462200,11.261500
2025-08-28,0.210522,0.150239,0.921887,8.385240,0.006544,80.526800,93.368400,11.184400
2025-08-29,0.210444,0.150677,0.920917,8.375290,0.006511,80.442100,93.342800,11.200900
2025-08-30,0.209656,0.149344,0.919130,8.366780,0.006468,80.291800,93.489100,11.238200
2025-08-31,0.210006,0.149382,0.919217,8.404650,0.006436,80.331600,94.047900,11.271300
2025-09-03,0.210204,0.149341,0.920330,8.501610,0.006443,80.426100,94.384100,11.261800
2025-09-04,0.210606,0.149654,0.922325,8.558240,0.006468,80.594700,93.837300,11.255700
2025-09-05,0.211287,0.149845,0.924652,8.595360,0.006508,80.848800,94.253900,11.298100
2025-09-06,0.212682,0.150501,0.929648,8.590300,0.006570,81.297700,94.775400,11.353600
2025-09-07,0.213067,0.151015,0.932597,8.617550,0.006557,81.555600,95.479200,11.388400
2025-09-10,0.215267,0.153073,0.941563,8.698100,0.006576,82.339700,96.569100,11.474600
2025-09-11,0.217372,0.155556,0.951887,8.793470,0.006692,83.242500,98.033600,11.693400
2025-09-12,0.222022,0.158211,0.971082,8.970790,0.006873,84.921100,99.824600,11.896100
2025-09-13,0.223814,0.159169,0.979585,9.004070,0.006930,85.664700,99.736700,11.937300
2025-09-14,0.220043,0.156581,0.964892,8.869010,0.006779,84.379800,99.330400,11.826300
2025-09-17,0.216830,0.153598,0.949935,8.730890,0.006685,83.071800,97.450200,11.594900
2025-09-18,0.216214,0.153065,0.947252,8.748950,0.006710,82.835900,97.890300,11.605200
2025-09-19,0.216741,0.153832,0.949099,8.766140,0.006756,82.998700,98.299400,11.662300
2025-09-20,0.217393,0.153736,0.951086,8.813070,0.006787,83.172500,98.977300,11.666100
2025-09-21,0.218337,0.154414,0.955865,8.861770,0.006788,83.590400,98.884500,11.706000
2025-09-24,0.219112,0.155248,0.960762,8.911980,0.006803,84.018600,98.963800,11.729200
2025-09-25,0.217711,0.153594,0.953123,8.844030,0.006800,83.350600,99.036300,11.701400
2025-09-26,0.219459,0.154110,0.960451,8.920360,0.006901,83.991400,98.601500,11.723100
2025-09-27,0.218027,0.154029,0.956054,8.890850,0.006842,83.606900,98.154200,11.706400
2025-09-28,0.218473,0.154356,0.956110,8.891370,0.006854,83.611800,97.682300,11.675100
2025-10-01,0.216506,0.152257,0.948121,8.817300,0.006827,82.867600,97.141000,11.597800
2025-10-02,0.215958,0.150528,0.945072,8.789720,0.006845,82.608400,96.864400,11.554800
2025-10-03,0.212930,0.148429,0.931923,8.683630,0.006753,81.496700,95.638200,11.392000
2025-10-04,0.211323,0.147516,0.926341,8.641280,0.006704,81.008500,95.341100,11.334200
2025-10-05,0.213964,0.149731,0.936611,8.790430,0.006769,81.896900,96.052500,11.416500
2025-10-08,0.216948,0.151579,0.949114,8.910360,0.006882,83.000000,96.834500,11.558100
2025-10-09,0.214136,0.150155,0.936934,8.796020,0.006815,81.934900,95.672200,11.368500
2025-10-10,0.213058,0.150560,0.932508,8.752390,0.006774,81.547800,94.935100,11.347600
2025-10-11,0.212810,0.150743,0.930966,8.740170,0.006744,81.410300,94.703000,11.364200
2025-10-12,0.212161,0.149924,0.928414,8.737980,0.006697,81.189800,94.049100,11.362600
2025-10-15,0.211346,0.149992,0.924583,8.726530,0.006660,80.854800,93.918100,11.281600
2025-10-16,0.208895,0.148686,0.914338,8.643830,0.006581,79.958900,92.681600,11.119000
2025-10-17,0.206023,0.146369,0.901532,8.524520,0.006470,78.839000,91.725800,11.021600
2025-10-18,0.206766,0.146571,0.904333,8.566930,0.006464,79.083900,92.083400,11.062300
2025-10-19,0.211672,0.150572,0.926054,8.779450,0.006659,80.983400,94.583500,11.343500
2025-10-22,0.212418,0.151697,0.930340,8.828310,0.006719,81.358200,94.384500,11.354000
2025-10-23,0.212657,0.151170,0.930217,8.831270,0.006745,81.347500,94.665600,11.364500
2025-10-24,0.213471,0.151617,0.933732,8.864640,0.006798,81.654900,94.754300,11.454100
2025-10-25,0.212446,0.150909,0.929320,8.786690,0.006716,81.269000,94.388900,11.373300
2025-10-26,0.211386,0.150474,0.925915,8.754510,0.006676,80.971300,94.082000,11.307900
2025-10-29,0.206388,0.146776,0.903200,8.478040,0.006518,78.984800,92.023300,11.064800
2025-10-30,0.208520,0.148324,0.912720,8.586760,0.006622,79.817400,92.939500,11.192100
2025-10-31,0.207703,0.148315,0.908765,8.547620,0.006620,79.471500,92.246600,11.170700
2025-11-01,0.210346,0.151851,0.920568,8.669830,0.006714,80.503700,93.389400,11.295200
2025-11-02,0.211618,0.152764,0.925965,8.723750,0.006753,80.975600,93.389300,11.340800
2025-11-03,0.211384,0.152480,0.924941,8.727740,0.006726,80.886100,93.384800,11.244900
2025-11-07,0.212219,0.155388,0.928399,8.754610,0.006794,81.188500,93.513100,11.336200
2025-11-08,0.212760,0.155021,0.930549,8.773180,0.006798,81.376500,93.764100,11.367400
2025-11-09,0.212333,0.154190,0.928824,8.756920,0.006756,81.225700,93.836500,11.356100
2025-11-12,0.211738,0.154012,0.926395,8.734010,0.006717,81.013200,93.928700,11.350600
2025-11-13,0.212685,0.155384,0.930317,8.766930,0.006771,81.356200,94.195400,11.413000
2025-11-14,0.212738,0.154746,0.929505,8.759280,0.006779,81.285200,94.189300,11.373100
2025-11-15,0.210843,0.153628,0.921681,8.686010,0.006732,80.601000,93.695300,11.321400
2025-11-16,0.212309,0.154729,0.927703,8.742760,0.006769,81.127600,95.098700,11.402100
2025-11-19,0.212539,0.155365,0.927732,8.743890,0.006739,81.130200,94.417900,11.400200
2025-11-20,0.212180,0.154643,0.926882,8.732080,0.006749,81.054700,93.929500,11.381000
2025-11-21,0.212192,0.155361,0.925612,8.720430,0.006779,80.944800,93.780400,11.343400
2025-11-22,0.211313,0.155430,0.923180,8.696860,0.006778,80.732100,92.604700,11.279500
2025-11-23,0.207082,0.152501,0.903655,8.505590,0.006633,79.024600,90.562500,11.057600
2025-11-26,0.206814,0.152162,0.902461,8.493810,0.006592,78.920200,91.367200,11.051600
2025-11-27,0.207080,0.151855,0.902933,8.497980,0.006587,78.961500,90.969800,11.105200
2025-11-28,0.206219,0.151609,0.898732,8.458440,0.006584,78.594100,91.504700,11.079000
2025-11-29,0.205344,0.150864,0.894800,8.426610,0.006586,78.250300,90.788000,11.025000
2025-11-30,0.205092,0.151353,0.894550,8.424250,0.006573,78.228400,90.819000,11.021100
2025-12-03,0.203842,0.151606,0.888539,8.382440,0.006507,77.702700,90.343800,10.958100
2025-12-04,0.203187,0.150868,0.885799,8.356590,0.006512,77.463100,89.851400,10.925100
2025-12-05,0.204501,0.153396,0.891431,8.422620,0.006561,77.955600,90.590300,10.976200
2025-12-06,0.201949,0.152753,0.880169,8.320720,0.006461,76.970800,89.901100,10.848700
2025-12-07,0.199459,0.152294,0.870140,8.229370,0.006361,76.093700,88.702800,10.732800
2025-12-10,0.202525,0.153171,0.883628,8.356940,0.006459,77.273300,89.705400,10.828300
2025-12-11,0.201248,0.151108,0.878312,8.322510,0.006406,76.808400,89.426700,10.834000
2025-12-12,0.204022,0.151338,0.890792,8.439670,0.006490,77.899800,91.380600,10.964400
2025-12-13,0.207783,0.153050,0.907259,8.599680,0.006600,79.339800,92.938400,11.186700
2025-12-14,0.208842,0.153320,0.911716,8.631360,0.006618,79.729600,93.562600,11.272600
2025-12-17,0.208146,0.152091,0.908513,8.601040,0.006567,79.449500,93.227400,11.215100
2025-12-18,0.208063,0.152865,0.908293,8.615360,0.006561,79.430200,93.805400,11.256700
2025-12-19,0.210658,0.154694,0.919162,8.699960,0.006665,80.380700,94.147800,11.369800
2025-12-20,0.209777,0.155607,0.915153,8.662860,0.006657,80.030100,94.252400,11.332800
2025-12-21,0.211608,0.157184,0.923065,8.736430,0.006729,80.722000,94.512000,11.446300
2025-12-24,0.207902,0.153218,0.906971,8.584110,0.006612,79.314600,92.862100,11.230800
2025-12-25,0.205963,0.152586,0.898628,8.505150,0.006520,78.585000,92.813700,11.149700
2025-12-26,0.205623,0.153743,0.896933,8.485070,0.006500,78.436800,92.474200,11.182400
2025-12-27,0.204148,0.152416,0.890616,8.420660,0.006448,77.884400,91.890200,11.077300
2025-12-28,0.203666,0.151503,0.888674,8.401620,0.006444,77.692300,91.206600,11.044900
2025-12-31,0.203027,0.153481,0.886000,8.375050,0.006440,77.446600,91.477500,11.050100
2026-01-01,0.205126,0.154978,0.894861,8.455930,0.006517,78.226700,92.093800,11.159200
2026-01-14,0.206720,0.154511,0.900987,8.435540,0.006512,78.791300,91.966800,11.285600
2026-01-15,0.207055,0.154662,0.901699,8.438680,0.006545,78.852700,92.397300,11.276300
2026-01-16,0.206587,0.154137,0.898486,8.408000,0.006547,78.571100,92.196400,11.241900
2026-01-17,0.206969,0.153847,0.897987,8.404920,0.006561,78.528000,91.812300,11.240200
2026-01-18,0.204830,0.152330,0.890031,8.343150,0.006506,77.833200,90.536600,11.151000
2026-01-21,0.205227,0.151825,0.889178,8.335150,0.006452,77.758600,90.161100,11.160400
2026-01-22,0.205229,0.152708,0.889934,8.344650,0.006446,77.824700,91.195400,11.169100
2026-01-23,0.204452,0.152876,0.886403,8.300680,0.006395,77.515900,90.721100,11.111000
2026-01-24,0.200586,0.150066,0.869505,8.135560,0.006265,76.038200,88.789800,10.864600
2026-01-25,0.200292,0.150135,0.868210,8.115500,0.006283,75.924600,89.058900,10.872400
2026-01-28,0.200628,0.151008,0.869184,8.124560,0.006283,76.010100,90.287700,10.931500
2026-01-29,0.202059,0.152558,0.875389,8.181510,0.006312,76.551900,90.932900,10.975100
2026-01-30,0.201304,0.151843,0.872112,8.155240,0.006267,76.266200,91.298800,10.943000
2026-01-31,0.200541,0.150873,0.869355,8.107010,0.006232,76.025100,90.975100,10.900200
2026-02-01,0.200012,0.150511,0.866011,8.081520,0.006195,75.732700,90.468000,10.868900
2026-02-04,0.203209,0.153731,0.880758,8.219130,0.006292,77.022300,91.247000,11.053800
2026-02-05,0.203419,0.152388,0.880294,8.224190,0.006280,76.981700,90.717800,11.063800
2026-02-06,0.203326,0.152769,0.879476,8.216550,0.006270,76.910200,91.113800,11.051500
2026-02-07,0.202514,0.153519,0.875384,8.163580,0.006234,76.552300,90.288100,10.993100
2026-02-08,0.204008,0.155633,0.881121,8.214710,0.006263,77.054000,91.045100,11.106100
2026-02-11,0.205440,0.156986,0.887938,8.282780,0.006303,77.650200,92.013600,11.167700
2026-02-12,0.204322,0.156057,0.882894,8.219510,0.006272,77.209100,91.942900,11.153300
2026-02-13,0.205199,0.157487,0.885818,8.235500,0.006304,77.464800,92.475000,11.168100
2026-02-14,0.204434,0.157340,0.882653,8.190660,0.006288,77.188000,91.711300,11.158200
2026-02-15,0.204792,0.156175,0.882726,8.172010,0.006317,77.194400,91.557500,11.152300
2026-02-18,0.202876,0.154476,0.876159,8.111210,0.006285,76.620100,91.036800,11.085900
2026-02-19,0.203643,0.155983,0.877517,8.115540,0.006322,76.738900,90.865800,11.093400
2026-02-20,0.201627,0.155416,0.870811,8.057600,0.006277,76.152400,90.268300,11.013700
2026-02-21,0.203323,0.156633,0.876392,8.103160,0.006298,76.640500,90.166900,11.074700
2026-02-22,0.203683,0.156902,0.877666,8.115370,0.006285,76.751900,90.283300,11.092900
2026-02-26,0.202822,0.154091,0.876320,8.097360,0.006288,76.634200,90.582100,11.117200
2026-02-27,0.202875,0.153905,0.874417,8.068270,0.006300,76.467800,90.321100,11.118700
2026-02-28,0.204545,0.153856,0.881896,8.121670,0.006354,77.121800,91.028100,11.248700
2026-03-01,0.204970,0.154008,0.883632,8.124740,0.006348,77.273600,91.296500,11.239400
2026-03-04,0.204769,0.155104,0.882534,8.099980,0.006331,77.173400,90.730700,11.196000
2026-03-05,0.205866,0.154416,0.887476,8.132850,0.006356,77.609300,90.309800,11.221000
2026-03-06,0.205899,0.156198,0.889662,8.140470,0.006388,77.800900,90.745800,11.248800
2026-03-07,0.207076,0.156433,0.894178,8.166140,0.006422,78.190000,90.792600,11.348600
2026-03-08,0.209774,0.160431,0.905089,8.266400,0.006492,79.150000,91.839100,11.436800
2026-03-12,0.208631,0.159440,0.900396,8.201190,0.006476,78.739600,91.897900,11.441300
2026-03-13,0.209579,0.160841,0.904151,8.236510,0.006515,79.068000,91.937800,11.505100
2026-03-14,0.209483,0.161563,0.904141,8.226730,0.006533,79.067100,91.389300,11.502700
2026-03-15,0.212495,0.163166,0.917389,8.345420,0.006640,80.225400,91.984700,11.650400
2026-03-18,0.214758,0.164977,0.926835,8.436910,0.006703,81.051700,92.655500,11.744100
2026-03-19,0.217004,0.168470,0.936653,8.523270,0.006753,81.910300,93.155700,11.886500
2026-03-20,0.220265,0.173533,0.950553,8.651740,0.006825,83.125900,94.666300,12.115500
2026-03-21,0.224736,0.175833,0.970154,8.829920,0.006958,84.837900,96.915500,12.382400
2026-03-22,0.222512,0.174155,0.960551,8.806040,0.006890,83.998200,97.288600,12.217100
2026-03-25,0.216960,0.169752,0.936264,8.806040,0.006716,81.876300,94.726400,11.870900
2026-03-26,0.214567,0.167853,0.925807,8.487570,0.006638,80.960400,93.924700,11.727100
2026-03-27,0.213996,0.167353,0.923041,8.462290,0.006632,80.719200,93.809700,11.694700
2026-03-28,0.217647,0.170281,0.939181,8.610330,0.006743,82.131400,95.003800,11.900100
2026-03-29,0.215134,0.168409,0.927894,8.506850,0.006654,81.144300,93.424700,11.730100
2026-04-01,0.215330,0.168478,0.929623,8.469960,0.006658,81.295500,93.436900,11.743900
2026-04-02,0.215427,0.168730,0.929107,8.465260,0.006663,81.250400,93.273900,11.780400
2026-04-03,0.213725,0.168397,0.921937,8.421870,0.006663,80.623400,93.444300,11.707000
2026-04-04,0.213108,0.169090,0.918631,8.380000,0.006612,80.333200,92.732600,11.627800
2026-04-05,0.211495,0.168807,0.911713,8.327860,0.006551,79.729300,92.191500,11.574300
2026-04-08,0.209037,0.167342,0.900260,8.222130,0.006466,78.727700,91.003400,11.448100
2026-04-09,0.209179,0.168871,0.900510,8.244300,0.006451,78.749600,91.027900,11.471300
2026-04-10,0.208079,0.170090,0.895418,8.197690,0.006403,78.304300,91.564100,11.458100
2026-04-11,0.206979,0.163760,0.890085,8.159060,0.006381,77.836600,90.881300,11.368500
2026-04-12,0.204861,0.160419,0.880188,8.081690,0.006331,76.972400,90.012000,11.252100
2026-04-15,0.203227,0.161158,0.871914,8.019030,0.006288,76.248900,89.137300,11.133800
2026-04-16,0.202173,0.159725,0.867389,7.984300,0.006247,75.853200,89.255600,11.091000
2026-04-17,0.200904,0.157734,0.860316,7.934050,0.006172,75.234600,88.730300,11.033400
2026-04-18,0.203352,0.160492,0.870053,8.023840,0.006254,76.086100,89.411300,11.170000
2026-04-19,0.203455,0.161315,0.869680,8.034730,0.006271,76.053500,89.625600,11.145700
2026-04-22,0.201789,0.160242,0.860343,7.955190,0.006219,75.237000,88.376900,11.041800
2026-04-23,0.200192,0.158874,0.852956,7.891500,0.006185,74.589700,87.765900,10.945100
2026-04-24,0.201406,0.161383,0.857849,7.940910,0.006228,74.999500,87.973300,10.993100
2026-04-25,0.201261,0.162201,0.856085,7.930530,0.006228,74.834900,87.526100,10.944100
2026-04-26,0.203123,0.163172,0.864125,8.008660,0.006283,75.527300,88.282600,11.027000
2026-04-29,0.201335,0.160926,0.855627,7.939390,0.006196,74.808100,87.882600,10.951300
2026-04-30,0.201117,0.162098,0.854341,7.927350,0.006209,74.694700,87.592800,10.942000
2026-05-01,0.201731,0.163777,0.856470,7.953840,0.006253,74.880600,87.777100,10.953500
2026-05-02,0.201741,0.162066,0.855651,7.956830,0.006266,74.801400,88.642900,10.959300
2026-05-06,0.203460,0.162966,0.862942,8.033270,0.006290,75.438800,88.265100,11.034300
2026-05-07,0.203393,0.162196,0.861866,8.034380,0.006259,75.344800,88.346300,11.024700
2026-05-08,0.203310,0.161770,0.860492,8.019850,0.006230,75.224600,88.060000,10.994900
2026-05-09,0.202071,0.161026,0.853586,7.960580,0.006159,74.620900,87.889700,10.970900
2026-05-10,0.201340,0.160325,0.849873,7.931620,0.006119,74.296300,88.549000,10.930600
2026-05-14,0.200173,0.159970,0.843771,7.885500,0.006075,73.787800,87.379100,10.852200
2026-05-15,0.198958,0.158095,0.838674,7.838450,0.006075,73.342000,85.901700,10.793300
2026-05-16,0.198326,0.156402,0.836346,7.820630,0.006107,73.138500,86.289900,10.785500
2026-05-17,0.198592,0.154264,0.836221,7.825310,0.006101,73.127500,85.183000,10.731800
2026-05-20,0.196581,0.153880,0.827326,7.742080,0.006019,72.349700,84.074200,10.627900
2026-05-21,0.193619,0.152471,0.815238,7.642200,0.005914,71.292600,82.787100,10.454500
2026-05-22,0.192869,0.150342,0.811331,7.614550,0.005875,70.950900,81.982300,10.416100
2026-05-23,0.192438,0.150052,0.809493,7.621190,0.005889,70.790200,83.274600,10.398000
2026-05-24,0.193518,0.151043,0.814282,7.673960,0.005944,71.209000,82.544500,10.482300
2026-05-27,0.194413,0.151967,0.818136,7.710280,0.005963,71.546000,85.449300,10.531700
2026-05-28,0.194888,0.151685,0.819531,7.746220,0.005971,71.668000,83.297500,10.550500
2026-05-29,0.192640,0.148490,0.810763,7.663340,0.005907,70.901200,82.722400,10.455700
2026-05-30,0.193918,0.149475,0.816141,7.713090,0.005947,71.371500,83.689200,10.448700
2026-05-31,0.192901,0.146272,0.812149,7.675360,0.005918,71.022400,82.636900,10.486500
2026-06-03,0.194253,0.147244,0.818218,7.738490,0.005988,71.553200,86.249900,10.576200
2026-06-04,0.196890,0.148396,0.829728,7.844290,0.006080,72.559700,84.609600,10.731200
2026-06-05,0.199022,0.148725,0.838692,7.911670,0.006127,73.343600,85.124300,10.826200
2026-06-06,0.201567,0.151837,0.849578,8.005910,0.006193,74.295600,86.271200,10.953600
2026-06-07,0.199351,0.151376,0.840125,7.916820,0.006193,73.468900,85.558200,10.853000
2026-06-10,0.198802,0.150304,0.837789,7.835350,0.006099,73.264400,85.279800,10.782600
2026-06-11,0.194685,0.147968,0.820264,7.668820,0.005960,71.731800,82.778500,10.583100
2026-06-12,0.194846,0.146446,0.820926,7.681280,0.005956,71.789200,83.081600,10.582500
2026-06-13,0.195179,0.147174,0.822272,7.712690,0.005985,71.907700,82.974300,10.606400
2026-06-17,0.196846,0.148062,0.828488,7.775330,0.006048,72.451300,83.804400,10.704700
2026-06-18,0.195918,0.146812,0.824915,7.758700,0.006005,72.138800,83.731500,10.662400
2026-06-19,0.197652,0.149328,0.831880,7.833730,0.006036,72.747900,84.343900,10.758900
2026-06-20,0.199243,0.149899,0.838869,7.878500,0.006070,73.359100,85.030500,10.828400
2026-06-21,0.199481,0.150573,0.839783,7.886490,0.006090,73.439000,84.168400,10.806000
2026-06-24,0.200410,0.151043,0.843511,7.939830,0.006152,73.765000,84.586300,10.884700
2026-06-25,0.202728,0.153221,0.853288,8.030650,0.006210,74.620000,85.484700,10.994700
2026-06-26,0.203228,0.153795,0.855046,8.042870,0.006219,74.773800,85.182300,10.971300
2026-06-27,0.205384,0.155301,0.864891,8.145550,0.006296,75.634700,85.769700,11.044000
2026-06-28,0.209337,0.158758,0.881202,8.315290,0.006417,77.061100,87.402700,11.335900
2026-07-01,0.211253,0.159833,0.889124,8.390040,0.006447,77.753900,88.647200,11.462400
2026-07-02,0.212753,0.161108,0.895021,8.441050,0.006517,78.269600,89.274300,11.493200
2026-07-03,0.212648,0.162808,0.894971,8.434110,0.006558,78.265200,89.175400,11.484200
2026-07-04,0.211649,0.162603,0.891130,8.396200,0.006543,77.929300,88.706900,11.469300
2026-07-05,0.209974,0.162764,0.883115,8.320020,0.006450,77.226400,88.030400,11.380300
2026-07-08,0.212179,0.165179,0.891589,8.403700,0.006475,77.969500,89.259500,11.455500
2026-07-09,0.207162,0.161273,0.870507,8.204980,0.006333,76.125800,86.897600,11.206800
2026-07-10,0.208017,0.162200,0.873672,8.238280,0.006364,76.402600,87.351100,11.221900
2026-07-11,0.206826,0.162251,0.868287,8.214150,0.006321,75.930000,86.590600,11.161600
2026-07-12,0.208680,0.164020,0.876681,8.283870,0.006349,76.664700,87.666100,11.303700
2026-07-15,0.208954,0.164880,0.876173,8.279180,0.006336,76.621300,87.578100,11.292500
2026-07-16,0.211297,0.162418,0.886122,8.373440,0.006423,77.491200,88.525900,11.377500
2026-07-17,0.212272,0.166262,0.891444,8.423760,0.006449,77.956800,88.909700,11.513600
2026-07-18,0.213651,0.166737,0.895576,8.462340,0.006476,78.318100,89.329600,11.513900
2026-07-19,0.213708,0.165979,0.896497,8.475540,0.006516,78.398700,89.899800,11.560200
2026-07-22,0.214019,0.166690,0.895551,8.462280,0.006548,78.315900,89.554200,11.569800
2026-07-23,0.214230,0.167037,0.898273,8.488010,0.006554,78.554000,89.755800,11.609100
2026-07-24,0.213894,0.167115,0.897377,8.482380,0.006513,78.475600,89.603400,11.578200
2026-07-25,0.214250,0.167657,0.896568,8.476480,0.006479,78.404900,89.444300,11.582600
2026-07-26,0.213275,0.167542,0.892290,8.423010,0.006492,78.030800,88.892700,11.502500
2026-07-29,0.212743,0.163878,0.892135,8.431010,0.006507,78.017200,88.760200,11.521800
2026-07-30,0.214705,0.166240,0.899920,8.512680,0.006531,78.698000,89.629200,11.591100
2026-07-31,0.216704,0.166454,0.907456,8.585170,0.006594,79.357000,90.205100,11.721500
2026-08-01,0.217814,0.167356,0.913177,8.630890,0.006651,79.857300,90.877600,11.819400
2026-08-02,0.216995,0.167422,0.908676,8.592160,0.006644,79.463700,91.192500,11.769400
2026-08-05,0.218779,0.169068,0.915594,8.657570,0.006678,80.068700,91.958900,11.834200
2026-08-06,0.221054,0.170662,0.927720,8.770430,0.006793,81.129100,93.582400,11.967700
2026-08-07,0.221034,0.171468,0.925435,8.761140,0.006808,80.929300,93.190100,11.968400
2026-08-08,0.222274,0.173263,0.930906,8.803120,0.006832,81.407700,94.058500,12.063700
2026-08-09,0.224394,0.175765,0.939583,8.885170,0.006875,82.166500,94.836600,12.165500
2026-08-12,0.225773,0.175784,0.944608,8.927100,0.006922,82.606000,95.286000,12.254600
2026-08-13,0.225023,0.176738,0.941958,8.902050,0.006902,82.374200,95.183400,12.181900
2026-08-14,0.226825,0.178206,0.949087,8.969910,0.006980,82.997700,95.779300,12.278000
2026-08-15,0.229065,0.180154,0.958328,9.047570,0.007014,83.805800,96.753800,12.417500
2026-08-16,0.231111,0.181743,0.966780,9.127360,0.007082,84.544900,97.514100,12.478900
2026-08-19,0.232595,0.183211,0.972140,9.181430,0.007149,85.013600,98.335200,12.627500
2026-08-20,0.233168,0.184582,0.973865,9.199910,0.007182,85.164500,98.731200,12.624000
2026-08-21,0.233257,0.185011,0.973463,9.196110,0.007202,85.129300,98.545700,12.630100
2026-08-22,0.228207,0.180336,0.953183,9.009310,0.007067,83.355000,96.733500,12.405700
2026-08-23,0.227082,0.180960,0.948212,8.970260,0.006999,82.921100,96.860100,12.334300
2026-08-26,0.227948,0.182297,0.952405,9.002140,0.007026,83.287800,97.438400,12.385300
2026-08-27,0.231661,0.184422,0.965849,9.129220,0.007171,84.463500,98.518200,12.565900
2026-08-28,0.231188,0.183829,0.963774,9.112650,0.007156,84.282000,98.289700,12.529400
2026-08-29,0.235833,0.187317,0.982894,9.292840,0.007270,85.954100,100.299800,12.769100
2026-08-30,0.234960,0.185163,0.978853,9.254930,0.007254,85.600700,99.682000,12.733500
2026-09-02,0.237000,0.185854,0.987756,9.330840,0.007308,86.379300,100.571400,12.858000
2026-09-03,0.238162,0.187651,0.992030,9.380730,0.007339,86.753000,100.598800,12.897000
2026-09-04,0.238909,0.189762,0.994812,9.407040,0.007360,86.996300,100.828700,12.921700
2026-09-05,0.238577,0.190793,0.993578,9.390670,0.007355,86.887200,100.598000,12.919100
2026-09-06,0.237971,0.189939,0.990127,9.362030,0.007341,86.585700,100.569300,12.884900
