date,corridor,rate,is_stale
2024-09-01,RUB_TJS,0.105802,false
2024-09-01,RUB_UZS,0.000822,false
2024-09-01,RUB_KGS,0.913222,false
2024-09-01,RUB_AMD,0.233823,false
2024-09-01,RUB_KZT,0.181130,false
2024-09-02,RUB_TJS,0.106036,false
2024-09-02,RUB_UZS,0.000823,false
2024-09-02,RUB_KGS,0.920791,false
2024-09-02,RUB_AMD,0.235010,false
2024-09-02,RUB_KZT,0.180700,false
2024-09-03,RUB_TJS,0.105561,false
2024-09-03,RUB_UZS,0.000820,false
2024-09-03,RUB_KGS,0.918887,false
2024-09-03,RUB_AMD,0.236636,false
2024-09-03,RUB_KZT,0.179628,false
2024-09-04,RUB_TJS,0.106232,false
2024-09-04,RUB_UZS,0.000823,false
2024-09-04,RUB_KGS,0.930696,false
2024-09-04,RUB_AMD,0.237880,false
2024-09-04,RUB_KZT,0.179509,false
2024-09-05,RUB_TJS,0.106570,false
2024-09-05,RUB_UZS,0.000820,false
2024-09-05,RUB_KGS,0.931625,false
2024-09-05,RUB_AMD,0.238101,false
2024-09-05,RUB_KZT,0.178939,false
2024-09-06,RUB_TJS,0.107322,false
2024-09-06,RUB_UZS,0.000814,false
2024-09-06,RUB_KGS,0.940743,false
2024-09-06,RUB_AMD,0.239336,false
2024-09-06,RUB_KZT,0.180281,false
2024-09-07,RUB_TJS,0.107322,true
2024-09-07,RUB_UZS,0.000814,true
2024-09-07,RUB_KGS,0.940743,true
2024-09-07,RUB_AMD,0.239336,true
2024-09-07,RUB_KZT,0.180281,true
2024-09-08,RUB_TJS,0.107322,true
2024-09-08,RUB_UZS,0.000814,true
2024-09-08,RUB_KGS,0.940743,true
2024-09-08,RUB_AMD,0.239336,true
2024-09-08,RUB_KZT,0.180281,true
2024-09-09,RUB_TJS,0.109314,false
2024-09-09,RUB_UZS,0.000805,false
2024-09-09,RUB_KGS,0.952723,false
2024-09-09,RUB_AMD,0.244485,false
2024-09-09,RUB_KZT,0.181387,false
2024-09-10,RUB_TJS,0.109286,false
2024-09-10,RUB_UZS,0.000800,false
2024-09-10,RUB_KGS,0.962156,false
2024-09-10,RUB_AMD,0.245106,false
2024-09-10,RUB_KZT,0.182222,false
2024-09-11,RUB_TJS,0.110449,false
2024-09-11,RUB_UZS,0.000793,false
2024-09-11,RUB_KGS,0.962388,false
2024-09-11,RUB_AMD,0.246813,false
2024-09-11,RUB_KZT,0.182761,false
2024-09-12,RUB_TJS,0.111044,false
2024-09-12,RUB_UZS,0.000788,false
2024-09-12,RUB_KGS,0.965048,false
2024-09-12,RUB_AMD,0.246647,false
2024-09-12,RUB_KZT,0.184641,false
2024-09-13,RUB_TJS,0.110874,false
2024-09-13,RUB_UZS,0.000788,false
2024-09-13,RUB_KGS,0.965326,false
2024-09-13,RUB_AMD,0.247908,false
2024-09-13,RUB_KZT,0.185975,false
2024-09-14,RUB_TJS,0.110874,true
2024-09-14,RUB_UZS,0.000788,true
2024-09-14,RUB_KGS,0.965326,true
2024-09-14,RUB_AMD,0.247908,true
2024-09-14,RUB_KZT,0.185975,true
2024-09-15,RUB_TJS,0.110874,true
2024-09-15,RUB_UZS,0.000788,true
2024-09-15,RUB_KGS,0.965326,true
2024-09-15,RUB_AMD,0.247908,true
2024-09-15,RUB_KZT,0.185975,true
2024-09-16,RUB_TJS,0.112329,false
2024-09-16,RUB_UZS,0.000777,false
2024-09-16,RUB_KGS,0.961215,false
2024-09-16,RUB_AMD,0.246532,false
2024-09-16,RUB_KZT,0.188014,false
2024-09-17,RUB_TJS,0.112164,false
2024-09-17,RUB_UZS,0.000777,false
2024-09-17,RUB_KGS,0.954073,false
2024-09-17,RUB_AMD,0.245226,false
2024-09-17,RUB_KZT,0.188721,false
2024-09-18,RUB_TJS,0.112538,false
2024-09-18,RUB_UZS,0.000777,false
2024-09-18,RUB_KGS,0.953440,false
2024-09-18,RUB_AMD,0.244900,false
2024-09-18,RUB_KZT,0.188888,false
2024-09-19,RUB_TJS,0.112301,false
2024-09-19,RUB_UZS,0.000776,false
2024-09-19,RUB_KGS,0.946763,false
2024-09-19,RUB_AMD,0.244517,false
2024-09-19,RUB_KZT,0.189972,false
2024-09-20,RUB_TJS,0.111817,false
2024-09-20,RUB_UZS,0.000779,false
2024-09-20,RUB_KGS,0.942166,false
2024-09-20,RUB_AMD,0.242585,false
2024-09-20,RUB_KZT,0.190687,false
2024-09-21,RUB_TJS,0.111817,true
2024-09-21,RUB_UZS,0.000779,true
2024-09-21,RUB_KGS,0.942166,true
2024-09-21,RUB_AMD,0.242585,true
2024-09-21,RUB_KZT,0.190687,true
2024-09-22,RUB_TJS,0.111817,true
2024-09-22,RUB_UZS,0.000779,true
2024-09-22,RUB_KGS,0.942166,true
2024-09-22,RUB_AMD,0.242585,true
2024-09-22,RUB_KZT,0.190687,true
2024-09-23,RUB_TJS,0.110116,false
2024-09-23,RUB_UZS,0.000786,false
2024-09-23,RUB_KGS,0.925981,false
2024-09-23,RUB_AMD,0.237562,false
2024-09-23,RUB_KZT,0.189571,false
2024-09-24,RUB_TJS,0.109544,false
2024-09-24,RUB_UZS,0.000788,false
2024-09-24,RUB_KGS,0.921460,false
2024-09-24,RUB_AMD,0.236505,false
2024-09-24,RUB_KZT,0.188816,false
2024-09-25,RUB_TJS,0.108582,false
2024-09-25,RUB_UZS,0.000795,false
2024-09-25,RUB_KGS,0.914880,false
2024-09-25,RUB_AMD,0.234729,false
2024-09-25,RUB_KZT,0.188035,false
2024-09-26,RUB_TJS,0.108535,false
2024-09-26,RUB_UZS,0.000798,false
2024-09-26,RUB_KGS,0.916028,false
2024-09-26,RUB_AMD,0.234474,false
2024-09-26,RUB_KZT,0.186980,false
2024-09-27,RUB_TJS,0.107625,false
2024-09-27,RUB_UZS,0.000801,false
2024-09-27,RUB_KGS,0.917046,false
2024-09-27,RUB_AMD,0.233614,false
2024-09-27,RUB_KZT,0.185620,false
2024-09-28,RUB_TJS,0.107625,true
2024-09-28,RUB_UZS,0.000801,true
2024-09-28,RUB_KGS,0.917046,true
2024-09-28,RUB_AMD,0.233614,true
2024-09-28,RUB_KZT,0.185620,true
2024-09-29,RUB_TJS,0.107625,true
2024-09-29,RUB_UZS,0.000801,true
2024-09-29,RUB_KGS,0.917046,true
2024-09-29,RUB_AMD,0.233614,true
2024-09-29,RUB_KZT,0.185620,true
2024-09-30,RUB_TJS,0.106530,false
2024-09-30,RUB_UZS,0.000814,false
2024-09-30,RUB_KGS,0.912414,false
2024-09-30,RUB_AMD,0.234461,false
2024-09-30,RUB_KZT,0.182600,false
2024-10-01,RUB_TJS,0.106329,false
2024-10-01,RUB_UZS,0.000817,false
2024-10-01,RUB_KGS,0.915131,false
2024-10-01,RUB_AMD,0.234109,false
2024-10-01,RUB_KZT,0.180594,false
2024-10-02,RUB_TJS,0.106340,false
2024-10-02,RUB_UZS,0.000816,false
2024-10-02,RUB_KGS,0.922178,false
2024-10-02,RUB_AMD,0.235130,false
2024-10-02,RUB_KZT,0.179720,false
2024-10-03,RUB_TJS,0.105842,false
2024-10-03,RUB_UZS,0.000821,false
2024-10-03,RUB_KGS,0.926375,false
2024-10-03,RUB_AMD,0.235408,false
2024-10-03,RUB_KZT,0.179811,false
2024-10-04,RUB_TJS,0.106092,false
2024-10-04,RUB_UZS,0.000818,false
2024-10-04,RUB_KGS,0.930998,false
2024-10-04,RUB_AMD,0.237976,false
2024-10-04,RUB_KZT,0.180008,false
2024-10-05,RUB_TJS,0.106092,true
2024-10-05,RUB_UZS,0.000818,true
2024-10-05,RUB_KGS,0.930998,true
2024-10-05,RUB_AMD,0.237976,true
2024-10-05,RUB_KZT,0.180008,true
2024-10-06,RUB_TJS,0.106092,true
2024-10-06,RUB_UZS,0.000818,true
2024-10-06,RUB_KGS,0.930998,true
2024-10-06,RUB_AMD,0.237976,true
2024-10-06,RUB_KZT,0.180008,true
2024-10-07,RUB_TJS,0.108197,false
2024-10-07,RUB_UZS,0.000809,false
2024-10-07,RUB_KGS,0.944723,false
2024-10-07,RUB_AMD,0.241997,false
2024-10-07,RUB_KZT,0.178762,false
2024-10-08,RUB_TJS,0.108060,false
2024-10-08,RUB_UZS,0.000807,false
2024-10-08,RUB_KGS,0.950556,false
2024-10-08,RUB_AMD,0.242576,false
2024-10-08,RUB_KZT,0.179102,false
2024-10-09,RUB_TJS,0.109021,false
2024-10-09,RUB_UZS,0.000803,false
2024-10-09,RUB_KGS,0.958268,false
2024-10-09,RUB_AMD,0.244165,false
2024-10-09,RUB_KZT,0.179740,false
2024-10-10,RUB_TJS,0.109937,false
2024-10-10,RUB_UZS,0.000798,false
2024-10-10,RUB_KGS,0.963639,false
2024-10-10,RUB_AMD,0.246302,false
2024-10-10,RUB_KZT,0.181553,false
2024-10-11,RUB_TJS,0.110171,false
2024-10-11,RUB_UZS,0.000793,false
2024-10-11,RUB_KGS,0.968275,false
2024-10-11,RUB_AMD,0.246711,false
2024-10-11,RUB_KZT,0.182028,false
2024-10-12,RUB_TJS,0.110171,true
2024-10-12,RUB_UZS,0.000793,true
2024-10-12,RUB_KGS,0.968275,true
2024-10-12,RUB_AMD,0.246711,true
2024-10-12,RUB_KZT,0.182028,true
2024-10-13,RUB_TJS,0.110171,true
2024-10-13,RUB_UZS,0.000793,true
2024-10-13,RUB_KGS,0.968275,true
2024-10-13,RUB_AMD,0.246711,true
2024-10-13,RUB_KZT,0.182028,true
2024-10-14,RUB_TJS,0.111886,false
2024-10-14,RUB_UZS,0.000781,false
2024-10-14,RUB_KGS,0.967978,false
2024-10-14,RUB_AMD,0.248396,false
2024-10-14,RUB_KZT,0.185489,false
2024-10-15,RUB_TJS,0.112581,false
2024-10-15,RUB_UZS,0.000778,false
2024-10-15,RUB_KGS,0.969297,false
2024-10-15,RUB_AMD,0.247345,false
2024-10-15,RUB_KZT,0.186086,false
2024-10-16,RUB_TJS,0.113002,false
2024-10-16,RUB_UZS,0.000776,false
2024-10-16,RUB_KGS,0.966893,false
2024-10-16,RUB_AMD,0.246597,false
2024-10-16,RUB_KZT,0.186777,false
2024-10-17,RUB_TJS,0.112513,false
2024-10-17,RUB_UZS,0.000770,false
2024-10-17,RUB_KGS,0.965623,false
2024-10-17,RUB_AMD,0.245941,false
2024-10-17,RUB_KZT,0.187961,false
2024-10-18,RUB_TJS,0.112676,false
2024-10-18,RUB_UZS,0.000772,false
2024-10-18,RUB_KGS,0.962321,false
2024-10-18,RUB_AMD,0.245030,false
2024-10-18,RUB_KZT,0.188239,false
2024-10-19,RUB_TJS,0.112676,true
2024-10-19,RUB_UZS,0.000772,true
2024-10-19,RUB_KGS,0.962321,true
2024-10-19,RUB_AMD,0.245030,true
2024-10-19,RUB_KZT,0.188239,true
2024-10-20,RUB_TJS,0.112676,true
2024-10-20,RUB_UZS,0.000772,true
2024-10-20,RUB_KGS,0.962321,true
2024-10-20,RUB_AMD,0.245030,true
2024-10-20,RUB_KZT,0.188239,true
2024-10-21,RUB_TJS,0.112050,false
2024-10-21,RUB_UZS,0.000771,false
2024-10-21,RUB_KGS,0.947997,false
2024-10-21,RUB_AMD,0.241781,false
2024-10-21,RUB_KZT,0.189638,false
2024-10-22,RUB_TJS,0.111124,false
2024-10-22,RUB_UZS,0.000778,false
2024-10-22,RUB_KGS,0.943189,false
2024-10-22,RUB_AMD,0.241063,false
2024-10-22,RUB_KZT,0.189963,false
2024-10-23,RUB_TJS,0.110347,false
2024-10-23,RUB_UZS,0.000778,false
2024-10-23,RUB_KGS,0.933537,false
2024-10-23,RUB_AMD,0.240105,false
2024-10-23,RUB_KZT,0.188965,false
2024-10-24,RUB_TJS,0.110215,false
2024-10-24,RUB_UZS,0.000785,false
2024-10-24,RUB_KGS,0.927782,false
2024-10-24,RUB_AMD,0.238466,false
2024-10-24,RUB_KZT,0.187848,false
2024-10-25,RUB_TJS,0.109461,false
2024-10-25,RUB_UZS,0.000788,false
2024-10-25,RUB_KGS,0.922228,false
2024-10-25,RUB_AMD,0.236696,false
2024-10-25,RUB_KZT,0.187854,false
2024-10-26,RUB_TJS,0.109461,true
2024-10-26,RUB_UZS,0.000788,true
2024-10-26,RUB_KGS,0.922228,true
2024-10-26,RUB_AMD,0.236696,true
2024-10-26,RUB_KZT,0.187854,true
2024-10-27,RUB_TJS,0.109461,true
2024-10-27,RUB_UZS,0.000788,true
2024-10-27,RUB_KGS,0.922228,true
2024-10-27,RUB_AMD,0.236696,true
2024-10-27,RUB_KZT,0.187854,true
2024-10-28,RUB_TJS,0.107952,false
2024-10-28,RUB_UZS,0.000802,false
2024-10-28,RUB_KGS,0.922218,false
2024-10-28,RUB_AMD,0.233968,false
2024-10-28,RUB_KZT,0.185000,false
2024-10-29,RUB_TJS,0.107493,false
2024-10-29,RUB_UZS,0.000805,false
2024-10-29,RUB_KGS,0.919356,false
2024-10-29,RUB_AMD,0.234062,false
2024-10-29,RUB_KZT,0.183807,false
2024-10-30,RUB_TJS,0.107360,false
2024-10-30,RUB_UZS,0.000810,false
2024-10-30,RUB_KGS,0.917145,false
2024-10-30,RUB_AMD,0.234717,false
2024-10-30,RUB_KZT,0.182459,false
2024-10-31,RUB_TJS,0.106488,false
2024-10-31,RUB_UZS,0.000812,false
2024-10-31,RUB_KGS,0.922032,false
2024-10-31,RUB_AMD,0.234721,false
2024-10-31,RUB_KZT,0.181151,false
2024-11-01,RUB_TJS,0.106594,false
2024-11-01,RUB_UZS,0.000808,false
2024-11-01,RUB_KGS,0.925714,false
2024-11-01,RUB_AMD,0.234881,false
2024-11-01,RUB_KZT,0.180796,false
2024-11-02,RUB_TJS,0.106594,true
2024-11-02,RUB_UZS,0.000808,true
2024-11-02,RUB_KGS,0.925714,true
2024-11-02,RUB_AMD,0.234881,true
2024-11-02,RUB_KZT,0.180796,true
2024-11-03,RUB_TJS,0.106594,true
2024-11-03,RUB_UZS,0.000808,true
2024-11-03,RUB_KGS,0.925714,true
2024-11-03,RUB_AMD,0.234881,true
2024-11-03,RUB_KZT,0.180796,true
2024-11-04,RUB_TJS,0.107556,false
2024-11-04,RUB_UZS,0.000805,false
2024-11-04,RUB_KGS,0.938995,false
2024-11-04,RUB_AMD,0.238692,false
2024-11-04,RUB_KZT,0.178139,false
2024-11-05,RUB_TJS,0.107619,false
2024-11-05,RUB_UZS,0.000805,false
2024-11-05,RUB_KGS,0.943121,false
2024-11-05,RUB_AMD,0.239479,false
2024-11-05,RUB_KZT,0.178281,false
2024-11-06,RUB_TJS,0.108370,false
2024-11-06,RUB_UZS,0.000797,false
2024-11-06,RUB_KGS,0.954422,false
2024-11-06,RUB_AMD,0.241947,false
2024-11-06,RUB_KZT,0.178462,false
2024-11-07,RUB_TJS,0.108351,false
2024-11-07,RUB_UZS,0.000794,false
2024-11-07,RUB_KGS,0.955050,false
2024-11-07,RUB_AMD,0.242402,false
2024-11-07,RUB_KZT,0.179595,false
2024-11-08,RUB_TJS,0.109365,false
2024-11-08,RUB_UZS,0.000795,false
2024-11-08,RUB_KGS,0.959333,false
2024-11-08,RUB_AMD,0.244094,false
2024-11-08,RUB_KZT,0.180016,false
2024-11-09,RUB_TJS,0.109365,true
2024-11-09,RUB_UZS,0.000795,true
2024-11-09,RUB_KGS,0.959333,true
2024-11-09,RUB_AMD,0.244094,true
2024-11-09,RUB_KZT,0.180016,true
2024-11-10,RUB_TJS,0.109365,true
2024-11-10,RUB_UZS,0.000795,true
2024-11-10,RUB_KGS,0.959333,true
2024-11-10,RUB_AMD,0.244094,true
2024-11-10,RUB_KZT,0.180016,true
2024-11-11,RUB_TJS,0.111648,false
2024-11-11,RUB_UZS,0.000781,false
2024-11-11,RUB_KGS,0.976783,false
2024-11-11,RUB_AMD,0.247572,false
2024-11-11,RUB_KZT,0.182742,false
2024-11-12,RUB_TJS,0.111761,false
2024-11-12,RUB_UZS,0.000775,false
2024-11-12,RUB_KGS,0.971953,false
2024-11-12,RUB_AMD,0.248602,false
2024-11-12,RUB_KZT,0.182901,false
2024-11-13,RUB_TJS,0.112196,false
2024-11-13,RUB_UZS,0.000769,false
2024-11-13,RUB_KGS,0.979262,false
2024-11-13,RUB_AMD,0.249340,false
2024-11-13,RUB_KZT,0.184213,false
2024-11-14,RUB_TJS,0.112721,false
2024-11-14,RUB_UZS,0.000765,false
2024-11-14,RUB_KGS,0.972241,false
2024-11-14,RUB_AMD,0.248128,false
2024-11-14,RUB_KZT,0.185073,false
2024-11-15,RUB_TJS,0.113154,false
2024-11-15,RUB_UZS,0.000762,false
2024-11-15,RUB_KGS,0.976395,false
2024-11-15,RUB_AMD,0.248795,false
2024-11-15,RUB_KZT,0.186209,false
2024-11-16,RUB_TJS,0.113154,true
2024-11-16,RUB_UZS,0.000762,true
2024-11-16,RUB_KGS,0.976395,true
2024-11-16,RUB_AMD,0.248795,true
2024-11-16,RUB_KZT,0.186209,true
2024-11-17,RUB_TJS,0.113154,true
2024-11-17,RUB_UZS,0.000762,true
2024-11-17,RUB_KGS,0.976395,true
2024-11-17,RUB_AMD,0.248795,true
2024-11-17,RUB_KZT,0.186209,true
2024-11-18,RUB_TJS,0.112864,false
2024-11-18,RUB_UZS,0.000756,false
2024-11-18,RUB_KGS,0.964180,false
2024-11-18,RUB_AMD,0.244886,false
2024-11-18,RUB_KZT,0.188782,false
2024-11-19,RUB_TJS,0.112356,false
2024-11-19,RUB_UZS,0.000762,false
2024-11-19,RUB_KGS,0.956513,false
2024-11-19,RUB_AMD,0.244623,false
2024-11-19,RUB_KZT,0.189166,false
2024-11-20,RUB_TJS,0.112010,false
2024-11-20,RUB_UZS,0.000762,false
2024-11-20,RUB_KGS,0.951760,false
2024-11-20,RUB_AMD,0.242870,false
2024-11-20,RUB_KZT,0.189652,false
2024-11-21,RUB_TJS,0.112336,false
2024-11-21,RUB_UZS,0.000766,false
2024-11-21,RUB_KGS,0.945316,false
2024-11-21,RUB_AMD,0.242268,false
2024-11-21,RUB_KZT,0.189510,false
2024-11-22,RUB_TJS,0.111047,false
2024-11-22,RUB_UZS,0.000769,false
2024-11-22,RUB_KGS,0.945553,false
2024-11-22,RUB_AMD,0.239869,false
2024-11-22,RUB_KZT,0.187880,false
2024-11-23,RUB_TJS,0.111047,true
2024-11-23,RUB_UZS,0.000769,true
2024-11-23,RUB_KGS,0.945553,true
2024-11-23,RUB_AMD,0.239869,true
2024-11-23,RUB_KZT,0.187880,true
2024-11-24,RUB_TJS,0.111047,true
2024-11-24,RUB_UZS,0.000769,true
2024-11-24,RUB_KGS,0.945553,true
2024-11-24,RUB_AMD,0.239869,true
2024-11-24,RUB_KZT,0.187880,true
2024-11-25,RUB_TJS,0.109285,false
2024-11-25,RUB_UZS,0.000777,false
2024-11-25,RUB_KGS,0.931755,false
2024-11-25,RUB_AMD,0.237672,false
2024-11-25,RUB_KZT,0.186592,false
2024-11-26,RUB_TJS,0.109127,false
2024-11-26,RUB_UZS,0.000782,false
2024-11-26,RUB_KGS,0.925089,false
2024-11-26,RUB_AMD,0.236620,false
2024-11-26,RUB_KZT,0.185431,false
2024-11-27,RUB_TJS,0.108708,false
2024-11-27,RUB_UZS,0.000786,false
2024-11-27,RUB_KGS,0.926058,false
2024-11-27,RUB_AMD,0.235283,false
2024-11-27,RUB_KZT,0.183510,false
2024-11-28,RUB_TJS,0.107621,false
2024-11-28,RUB_UZS,0.000795,false
2024-11-28,RUB_KGS,0.927763,false
2024-11-28,RUB_AMD,0.235004,false
2024-11-28,RUB_KZT,0.183232,false
2024-11-29,RUB_TJS,0.107322,false
2024-11-29,RUB_UZS,0.000798,false
2024-11-29,RUB_KGS,0.924518,false
2024-11-29,RUB_AMD,0.234199,false
2024-11-29,RUB_KZT,0.182634,false
2024-11-30,RUB_TJS,0.107322,true
2024-11-30,RUB_UZS,0.000798,true
2024-11-30,RUB_KGS,0.924518,true
2024-11-30,RUB_AMD,0.234199,true
2024-11-30,RUB_KZT,0.182634,true
2024-12-01,RUB_TJS,0.107322,true
2024-12-01,RUB_UZS,0.000798,true
2024-12-01,RUB_KGS,0.924518,true
2024-12-01,RUB_AMD,0.234199,true
2024-12-01,RUB_KZT,0.182634,true
2024-12-02,RUB_TJS,0.107437,false
2024-12-02,RUB_UZS,0.000800,false
2024-12-02,RUB_KGS,0.946341,false
2024-12-02,RUB_AMD,0.236400,false
2024-12-02,RUB_KZT,0.179583,false
2024-12-03,RUB_TJS,0.106762,false
2024-12-03,RUB_UZS,0.000801,false
2024-12-03,RUB_KGS,0.947755,false
2024-12-03,RUB_AMD,0.238520,false
2024-12-03,RUB_KZT,0.177926,false
2024-12-04,RUB_TJS,0.107482,false
2024-12-04,RUB_UZS,0.000804,false
2024-12-04,RUB_KGS,0.956660,false
2024-12-04,RUB_AMD,0.238541,false
2024-12-04,RUB_KZT,0.177580,false
2024-12-05,RUB_TJS,0.108229,false
2024-12-05,RUB_UZS,0.000803,false
2024-12-05,RUB_KGS,0.956997,false
2024-12-05,RUB_AMD,0.239509,false
2024-12-05,RUB_KZT,0.177846,false
2024-12-06,RUB_TJS,0.107853,false
2024-12-06,RUB_UZS,0.000800,false
2024-12-06,RUB_KGS,0.968437,false
2024-12-06,RUB_AMD,0.242475,false
2024-12-06,RUB_KZT,0.178877,false
2024-12-07,RUB_TJS,0.107853,true
2024-12-07,RUB_UZS,0.000800,true
2024-12-07,RUB_KGS,0.968437,true
2024-12-07,RUB_AMD,0.242475,true
2024-12-07,RUB_KZT,0.178877,true
2024-12-08,RUB_TJS,0.107853,true
2024-12-08,RUB_UZS,0.000800,true
2024-12-08,RUB_KGS,0.968437,true
2024-12-08,RUB_AMD,0.242475,true
2024-12-08,RUB_KZT,0.178877,true
2024-12-09,RUB_TJS,0.109963,false
2024-12-09,RUB_UZS,0.000787,false
2024-12-09,RUB_KGS,0.983337,false
2024-12-09,RUB_AMD,0.246269,false
2024-12-09,RUB_KZT,0.179922,false
2024-12-10,RUB_TJS,0.110681,false
2024-12-10,RUB_UZS,0.000783,false
2024-12-10,RUB_KGS,0.985109,false
2024-12-10,RUB_AMD,0.246741,false
2024-12-10,RUB_KZT,0.179803,false
2024-12-11,RUB_TJS,0.111134,false
2024-12-11,RUB_UZS,0.000780,false
2024-12-11,RUB_KGS,0.987688,false
2024-12-11,RUB_AMD,0.248143,false
2024-12-11,RUB_KZT,0.182096,false
2024-12-12,RUB_TJS,0.112288,false
2024-12-12,RUB_UZS,0.000775,false
2024-12-12,RUB_KGS,0.990960,false
2024-12-12,RUB_AMD,0.247799,false
2024-12-12,RUB_KZT,0.182019,false
2024-12-13,RUB_TJS,0.112522,false
2024-12-13,RUB_UZS,0.000765,false
2024-12-13,RUB_KGS,0.995542,false
2024-12-13,RUB_AMD,0.248103,false
2024-12-13,RUB_KZT,0.183508,false
2024-12-14,RUB_TJS,0.112522,true
2024-12-14,RUB_UZS,0.000765,true
2024-12-14,RUB_KGS,0.995542,true
2024-12-14,RUB_AMD,0.248103,true
2024-12-14,RUB_KZT,0.183508,true
2024-12-15,RUB_TJS,0.112522,true
2024-12-15,RUB_UZS,0.000765,true
2024-12-15,RUB_KGS,0.995542,true
2024-12-15,RUB_AMD,0.248103,true
2024-12-15,RUB_KZT,0.183508,true
2024-12-16,RUB_TJS,0.113777,false
2024-12-16,RUB_UZS,0.000759,false
2024-12-16,RUB_KGS,0.989892,false
2024-12-16,RUB_AMD,0.247605,false
2024-12-16,RUB_KZT,0.185998,false
2024-12-17,RUB_TJS,0.113776,false
2024-12-17,RUB_UZS,0.000756,false
2024-12-17,RUB_KGS,0.987727,false
2024-12-17,RUB_AMD,0.247934,false
2024-12-17,RUB_KZT,0.187469,false
2024-12-18,RUB_TJS,0.113830,false
2024-12-18,RUB_UZS,0.000756,false
2024-12-18,RUB_KGS,0.981907,false
2024-12-18,RUB_AMD,0.245971,false
2024-12-18,RUB_KZT,0.187378,false
2024-12-19,RUB_TJS,0.113230,false
2024-12-19,RUB_UZS,0.000757,false
2024-12-19,RUB_KGS,0.979793,false
2024-12-19,RUB_AMD,0.245113,false
2024-12-19,RUB_KZT,0.188410,false
2024-12-20,RUB_TJS,0.112846,false
2024-12-20,RUB_UZS,0.000758,false
2024-12-20,RUB_KGS,0.975342,false
2024-12-20,RUB_AMD,0.244152,false
2024-12-20,RUB_KZT,0.188755,false
2024-12-21,RUB_TJS,0.112846,true
2024-12-21,RUB_UZS,0.000758,true
2024-12-21,RUB_KGS,0.975342,true
2024-12-21,RUB_AMD,0.244152,true
2024-12-21,RUB_KZT,0.188755,true
2024-12-22,RUB_TJS,0.112846,true
2024-12-22,RUB_UZS,0.000758,true
2024-12-22,RUB_KGS,0.975342,true
2024-12-22,RUB_AMD,0.244152,true
2024-12-22,RUB_KZT,0.188755,true
2024-12-23,RUB_TJS,0.111392,false
2024-12-23,RUB_UZS,0.000765,false
2024-12-23,RUB_KGS,0.952779,false
2024-12-23,RUB_AMD,0.240981,false
2024-12-23,RUB_KZT,0.188210,false
2024-12-24,RUB_TJS,0.111234,false
2024-12-24,RUB_UZS,0.000768,false
2024-12-24,RUB_KGS,0.949301,false
2024-12-24,RUB_AMD,0.238399,false
2024-12-24,RUB_KZT,0.187262,false
2024-12-25,RUB_TJS,0.109849,false
2024-12-25,RUB_UZS,0.000774,false
2024-12-25,RUB_KGS,0.949294,false
2024-12-25,RUB_AMD,0.237473,false
2024-12-25,RUB_KZT,0.186764,false
2024-12-26,RUB_TJS,0.109975,false
2024-12-26,RUB_UZS,0.000780,false
2024-12-26,RUB_KGS,0.942457,false
2024-12-26,RUB_AMD,0.237225,false
2024-12-26,RUB_KZT,0.184849,false
2024-12-27,RUB_TJS,0.108796,false
2024-12-27,RUB_UZS,0.000782,false
2024-12-27,RUB_KGS,0.945488,false
2024-12-27,RUB_AMD,0.235349,false
2024-12-27,RUB_KZT,0.184032,false
2024-12-28,RUB_TJS,0.108796,true
2024-12-28,RUB_UZS,0.000782,true
2024-12-28,RUB_KGS,0.945488,true
2024-12-28,RUB_AMD,0.235349,true
2024-12-28,RUB_KZT,0.184032,true
2024-12-29,RUB_TJS,0.108796,true
2024-12-29,RUB_UZS,0.000782,true
2024-12-29,RUB_KGS,0.945488,true
2024-12-29,RUB_AMD,0.235349,true
2024-12-29,RUB_KZT,0.184032,true
2024-12-30,RUB_TJS,0.107997,false
2024-12-30,RUB_UZS,0.000796,false
2024-12-30,RUB_KGS,0.944349,false
2024-12-30,RUB_AMD,0.235180,false
2024-12-30,RUB_KZT,0.180920,false
2024-12-31,RUB_TJS,0.107488,false
2024-12-31,RUB_UZS,0.000796,false
2024-12-31,RUB_KGS,0.945434,false
2024-12-31,RUB_AMD,0.236297,false
2024-12-31,RUB_KZT,0.180408,false
2025-01-01,RUB_TJS,0.107144,false
2025-01-01,RUB_UZS,0.000799,false
2025-01-01,RUB_KGS,0.934028,false
2025-01-01,RUB_AMD,0.236966,false
2025-01-01,RUB_KZT,0.179535,false
2025-01-02,RUB_TJS,0.107932,false
2025-01-02,RUB_UZS,0.000801,false
2025-01-02,RUB_KGS,0.938989,false
2025-01-02,RUB_AMD,0.237071,false
2025-01-02,RUB_KZT,0.178599,false
2025-01-03,RUB_TJS,0.107399,false
2025-01-03,RUB_UZS,0.000798,false
2025-01-03,RUB_KGS,0.944416,false
2025-01-03,RUB_AMD,0.238989,false
2025-01-03,RUB_KZT,0.178544,false
2025-01-04,RUB_TJS,0.107399,true
2025-01-04,RUB_UZS,0.000798,true
2025-01-04,RUB_KGS,0.944416,true
2025-01-04,RUB_AMD,0.238989,true
2025-01-04,RUB_KZT,0.178544,true
2025-01-05,RUB_TJS,0.107399,true
2025-01-05,RUB_UZS,0.000798,true
2025-01-05,RUB_KGS,0.944416,true
2025-01-05,RUB_AMD,0.238989,true
2025-01-05,RUB_KZT,0.178544,true
2025-01-06,RUB_TJS,0.108922,false
2025-01-06,RUB_UZS,0.000793,false
2025-01-06,RUB_KGS,0.964820,false
2025-01-06,RUB_AMD,0.243481,false
2025-01-06,RUB_KZT,0.178342,false
2025-01-07,RUB_TJS,0.109829,false
2025-01-07,RUB_UZS,0.000787,false
2025-01-07,RUB_KGS,0.972471,false
2025-01-07,RUB_AMD,0.244542,false
2025-01-07,RUB_KZT,0.178139,false
2025-01-08,RUB_TJS,0.110132,false
2025-01-08,RUB_UZS,0.000783,false
2025-01-08,RUB_KGS,0.972545,false
2025-01-08,RUB_AMD,0.245908,false
2025-01-08,RUB_KZT,0.179307,false
2025-01-09,RUB_TJS,0.111286,false
2025-01-09,RUB_UZS,0.000783,false
2025-01-09,RUB_KGS,0.977482,false
2025-01-09,RUB_AMD,0.246904,false
2025-01-09,RUB_KZT,0.179470,false
2025-01-10,RUB_TJS,0.111975,false
2025-01-10,RUB_UZS,0.000779,false
2025-01-10,RUB_KGS,0.982761,false
2025-01-10,RUB_AMD,0.248204,false
2025-01-10,RUB_KZT,0.179970,false
2025-01-11,RUB_TJS,0.111975,true
2025-01-11,RUB_UZS,0.000779,true
2025-01-11,RUB_KGS,0.982761,true
2025-01-11,RUB_AMD,0.248204,true
2025-01-11,RUB_KZT,0.179970,true
2025-01-12,RUB_TJS,0.111975,true
2025-01-12,RUB_UZS,0.000779,true
2025-01-12,RUB_KGS,0.982761,true
2025-01-12,RUB_AMD,0.248204,true
2025-01-12,RUB_KZT,0.179970,true
2025-01-13,RUB_TJS,0.113236,false
2025-01-13,RUB_UZS,0.000765,false
2025-01-13,RUB_KGS,0.987950,false
2025-01-13,RUB_AMD,0.249638,false
2025-01-13,RUB_KZT,0.184186,false
2025-01-14,RUB_TJS,0.113796,false
2025-01-14,RUB_UZS,0.000761,false
2025-01-14,RUB_KGS,0.986087,false
2025-01-14,RUB_AMD,0.249374,false
2025-01-14,RUB_KZT,0.184802,false
2025-01-15,RUB_TJS,0.113565,false
2025-01-15,RUB_UZS,0.000753,false
2025-01-15,RUB_KGS,0.983605,false
2025-01-15,RUB_AMD,0.250262,false
2025-01-15,RUB_KZT,0.186061,false
2025-01-16,RUB_TJS,0.114088,false
2025-01-16,RUB_UZS,0.000756,false
2025-01-16,RUB_KGS,0.977580,false
2025-01-16,RUB_AMD,0.248573,false
2025-01-16,RUB_KZT,0.186934,false
2025-01-17,RUB_TJS,0.113671,false
2025-01-17,RUB_UZS,0.000754,false
2025-01-17,RUB_KGS,0.976367,false
2025-01-17,RUB_AMD,0.247503,false
2025-01-17,RUB_KZT,0.187799,false
2025-01-18,RUB_TJS,0.113671,true
2025-01-18,RUB_UZS,0.000754,true
2025-01-18,RUB_KGS,0.976367,true
2025-01-18,RUB_AMD,0.247503,true
2025-01-18,RUB_KZT,0.187799,true
2025-01-19,RUB_TJS,0.113671,true
2025-01-19,RUB_UZS,0.000754,true
2025-01-19,RUB_KGS,0.976367,true
2025-01-19,RUB_AMD,0.247503,true
2025-01-19,RUB_KZT,0.187799,true
2025-01-20,RUB_TJS,0.113509,false
2025-01-20,RUB_UZS,0.000754,false
2025-01-20,RUB_KGS,0.963473,false
2025-01-20,RUB_AMD,0.244024,false
2025-01-20,RUB_KZT,0.188596,false
2025-01-21,RUB_TJS,0.112949,false
2025-01-21,RUB_UZS,0.000760,false
2025-01-21,RUB_KGS,0.953811,false
2025-01-21,RUB_AMD,0.241902,false
2025-01-21,RUB_KZT,0.188073,false
2025-01-22,RUB_TJS,0.112128,false
2025-01-22,RUB_UZS,0.000762,false
2025-01-22,RUB_KGS,0.950581,false
2025-01-22,RUB_AMD,0.241883,false
2025-01-22,RUB_KZT,0.187662,false
2025-01-23,RUB_TJS,0.111261,false
2025-01-23,RUB_UZS,0.000763,false
2025-01-23,RUB_KGS,0.945039,false
2025-01-23,RUB_AMD,0.240299,false
2025-01-23,RUB_KZT,0.186499,false
2025-01-24,RUB_TJS,0.111168,false
2025-01-24,RUB_UZS,0.000769,false
2025-01-24,RUB_KGS,0.940832,false
2025-01-24,RUB_AMD,0.239076,false
2025-01-24,RUB_KZT,0.185746,false
2025-01-25,RUB_TJS,0.111168,true
2025-01-25,RUB_UZS,0.000769,true
2025-01-25,RUB_KGS,0.940832,true
2025-01-25,RUB_AMD,0.239076,true
2025-01-25,RUB_KZT,0.185746,true
2025-01-26,RUB_TJS,0.111168,true
2025-01-26,RUB_UZS,0.000769,true
2025-01-26,RUB_KGS,0.940832,true
2025-01-26,RUB_AMD,0.239076,true
2025-01-26,RUB_KZT,0.185746,true
2025-01-27,RUB_TJS,0.109475,false
2025-01-27,RUB_UZS,0.000782,false
2025-01-27,RUB_KGS,0.935153,false
2025-01-27,RUB_AMD,0.236961,false
2025-01-27,RUB_KZT,0.182525,false
2025-01-28,RUB_TJS,0.108343,false
2025-01-28,RUB_UZS,0.000789,false
2025-01-28,RUB_KGS,0.934367,false
2025-01-28,RUB_AMD,0.236057,false
2025-01-28,RUB_KZT,0.182194,false
2025-01-29,RUB_TJS,0.108253,false
2025-01-29,RUB_UZS,0.000791,false
2025-01-29,RUB_KGS,0.938670,false
2025-01-29,RUB_AMD,0.235789,false
2025-01-29,RUB_KZT,0.181151,false
2025-01-30,RUB_TJS,0.108246,false
2025-01-30,RUB_UZS,0.000792,false
2025-01-30,RUB_KGS,0.938463,false
2025-01-30,RUB_AMD,0.236298,false
2025-01-30,RUB_KZT,0.179196,false
2025-01-31,RUB_TJS,0.107857,false
2025-01-31,RUB_UZS,0.000793,false
2025-01-31,RUB_KGS,0.938713,false
2025-01-31,RUB_AMD,0.237613,false
2025-01-31,RUB_KZT,0.179379,false
2025-02-01,RUB_TJS,0.107857,true
2025-02-01,RUB_UZS,0.000793,true
2025-02-01,RUB_KGS,0.938713,true
2025-02-01,RUB_AMD,0.237613,true
2025-02-01,RUB_KZT,0.179379,true
2025-02-02,RUB_TJS,0.107857,true
2025-02-02,RUB_UZS,0.000793,true
2025-02-02,RUB_KGS,0.938713,true
2025-02-02,RUB_AMD,0.237613,true
2025-02-02,RUB_KZT,0.179379,true
2025-02-03,RUB_TJS,0.108695,false
2025-02-03,RUB_UZS,0.000797,false
2025-02-03,RUB_KGS,0.955222,false
2025-02-03,RUB_AMD,0.239315,false
2025-02-03,RUB_KZT,0.176825,false
2025-02-04,RUB_TJS,0.108575,false
2025-02-04,RUB_UZS,0.000793,false
2025-02-04,RUB_KGS,0.960362,false
2025-02-04,RUB_AMD,0.240921,false
2025-02-04,RUB_KZT,0.176866,false
2025-02-05,RUB_TJS,0.109097,false
2025-02-05,RUB_UZS,0.000792,false
2025-02-05,RUB_KGS,0.969291,false
2025-02-05,RUB_AMD,0.242370,false
2025-02-05,RUB_KZT,0.177121,false
2025-02-06,RUB_TJS,0.110110,false
2025-02-06,RUB_UZS,0.000791,false
2025-02-06,RUB_KGS,0.974451,false
2025-02-06,RUB_AMD,0.244101,false
2025-02-06,RUB_KZT,0.177162,false
2025-02-07,RUB_TJS,0.110467,false
2025-02-07,RUB_UZS,0.000785,false
2025-02-07,RUB_KGS,0.975617,false
2025-02-07,RUB_AMD,0.245725,false
2025-02-07,RUB_KZT,0.178494,false
2025-02-08,RUB_TJS,0.110467,true
2025-02-08,RUB_UZS,0.000785,true
2025-02-08,RUB_KGS,0.975617,true
2025-02-08,RUB_AMD,0.245725,true
2025-02-08,RUB_KZT,0.178494,true
2025-02-09,RUB_TJS,0.110467,true
2025-02-09,RUB_UZS,0.000785,true
2025-02-09,RUB_KGS,0.975617,true
2025-02-09,RUB_AMD,0.245725,true
2025-02-09,RUB_KZT,0.178494,true
2025-02-10,RUB_TJS,0.112053,false
2025-02-10,RUB_UZS,0.000769,false
2025-02-10,RUB_KGS,0.988962,false
2025-02-10,RUB_AMD,0.249866,false
2025-02-10,RUB_KZT,0.181345,false
2025-02-11,RUB_TJS,0.113292,false
2025-02-11,RUB_UZS,0.000769,false
2025-02-11,RUB_KGS,0.994436,false
2025-02-11,RUB_AMD,0.249248,false
2025-02-11,RUB_KZT,0.181516,false
2025-02-12,RUB_TJS,0.113285,false
2025-02-12,RUB_UZS,0.000759,false
2025-02-12,RUB_KGS,0.989437,false
2025-02-12,RUB_AMD,0.249411,false
2025-02-12,RUB_KZT,0.182886,false
2025-02-13,RUB_TJS,0.114038,false
2025-02-13,RUB_UZS,0.000759,false
2025-02-13,RUB_KGS,0.994244,false
2025-02-13,RUB_AMD,0.249355,false
2025-02-13,RUB_KZT,0.183604,false
2025-02-14,RUB_TJS,0.113725,false
2025-02-14,RUB_UZS,0.000757,false
2025-02-14,RUB_KGS,0.987210,false
2025-02-14,RUB_AMD,0.249184,false
2025-02-14,RUB_KZT,0.184306,false
2025-02-15,RUB_TJS,0.113725,true
2025-02-15,RUB_UZS,0.000757,true
2025-02-15,RUB_KGS,0.987210,true
2025-02-15,RUB_AMD,0.249184,true
2025-02-15,RUB_KZT,0.184306,true
2025-02-16,RUB_TJS,0.113725,true
2025-02-16,RUB_UZS,0.000757,true
2025-02-16,RUB_KGS,0.987210,true
2025-02-16,RUB_AMD,0.249184,true
2025-02-16,RUB_KZT,0.184306,true
2025-02-17,RUB_TJS,0.114642,false
2025-02-17,RUB_UZS,0.000749,false
2025-02-17,RUB_KGS,0.979407,false
2025-02-17,RUB_AMD,0.247503,false
2025-02-17,RUB_KZT,0.187338,false
2025-02-18,RUB_TJS,0.114176,false
2025-02-18,RUB_UZS,0.000753,false
2025-02-18,RUB_KGS,0.972116,false
2025-02-18,RUB_AMD,0.247130,false
2025-02-18,RUB_KZT,0.187185,false
2025-02-19,RUB_TJS,0.114012,false
2025-02-19,RUB_UZS,0.000751,false
2025-02-19,RUB_KGS,0.969502,false
2025-02-19,RUB_AMD,0.245349,false
2025-02-19,RUB_KZT,0.188220,false
2025-02-20,RUB_TJS,0.113113,false
2025-02-20,RUB_UZS,0.000752,false
2025-02-20,RUB_KGS,0.959930,false
2025-02-20,RUB_AMD,0.242935,false
2025-02-20,RUB_KZT,0.187440,false
2025-02-21,RUB_TJS,0.112376,false
2025-02-21,RUB_UZS,0.000758,false
2025-02-21,RUB_KGS,0.956315,false
2025-02-21,RUB_AMD,0.242040,false
2025-02-21,RUB_KZT,0.188075,false
2025-02-22,RUB_TJS,0.112376,true
2025-02-22,RUB_UZS,0.000758,true
2025-02-22,RUB_KGS,0.956315,true
2025-02-22,RUB_AMD,0.242040,true
2025-02-22,RUB_KZT,0.188075,true
2025-02-23,RUB_TJS,0.112376,true
2025-02-23,RUB_UZS,0.000758,true
2025-02-23,RUB_KGS,0.956315,true
2025-02-23,RUB_AMD,0.242040,true
2025-02-23,RUB_KZT,0.188075,true
2025-02-24,RUB_TJS,0.110614,false
2025-02-24,RUB_UZS,0.000770,false
2025-02-24,RUB_KGS,0.943702,false
2025-02-24,RUB_AMD,0.239464,false
2025-02-24,RUB_KZT,0.185617,false
2025-02-25,RUB_TJS,0.109837,false
2025-02-25,RUB_UZS,0.000775,false
2025-02-25,RUB_KGS,0.940683,false
2025-02-25,RUB_AMD,0.237951,false
2025-02-25,RUB_KZT,0.184860,false
2025-02-26,RUB_TJS,0.109918,false
2025-02-26,RUB_UZS,0.000779,false
2025-02-26,RUB_KGS,0.938834,false
2025-02-26,RUB_AMD,0.236132,false
2025-02-26,RUB_KZT,0.183761,false
2025-02-27,RUB_TJS,0.109457,false
2025-02-27,RUB_UZS,0.000785,false
2025-02-27,RUB_KGS,0.941350,false
2025-02-27,RUB_AMD,0.235985,false
2025-02-27,RUB_KZT,0.182412,false
2025-02-28,RUB_TJS,0.108930,false
2025-02-28,RUB_UZS,0.000789,false
2025-02-28,RUB_KGS,0.943330,false
2025-02-28,RUB_AMD,0.237298,false
2025-02-28,RUB_KZT,0.181226,false
2025-03-01,RUB_TJS,0.108930,true
2025-03-01,RUB_UZS,0.000789,true
2025-03-01,RUB_KGS,0.943330,true
2025-03-01,RUB_AMD,0.237298,true
2025-03-01,RUB_KZT,0.181226,true
2025-03-02,RUB_TJS,0.108930,true
2025-03-02,RUB_UZS,0.000789,true
2025-03-02,RUB_KGS,0.943330,true
2025-03-02,RUB_AMD,0.237298,true
2025-03-02,RUB_KZT,0.181226,true
2025-03-03,RUB_TJS,0.107797,false
2025-03-03,RUB_UZS,0.000794,false
2025-03-03,RUB_KGS,0.950648,false
2025-03-03,RUB_AMD,0.237904,false
2025-03-03,RUB_KZT,0.177640,false
2025-03-04,RUB_TJS,0.108115,false
2025-03-04,RUB_UZS,0.000793,false
2025-03-04,RUB_KGS,0.948817,false
2025-03-04,RUB_AMD,0.239600,false
2025-03-04,RUB_KZT,0.177439,false
2025-03-05,RUB_TJS,0.108121,false
2025-03-05,RUB_UZS,0.000795,false
2025-03-05,RUB_KGS,0.954034,false
2025-03-05,RUB_AMD,0.240570,false
2025-03-05,RUB_KZT,0.176851,false
2025-03-06,RUB_TJS,0.108489,false
2025-03-06,RUB_UZS,0.000795,false
2025-03-06,RUB_KGS,0.963686,false
2025-03-06,RUB_AMD,0.241691,false
2025-03-06,RUB_KZT,0.177530,false
2025-03-07,RUB_TJS,0.109629,false
2025-03-07,RUB_UZS,0.000794,false
2025-03-07,RUB_KGS,0.967390,false
2025-03-07,RUB_AMD,0.243201,false
2025-03-07,RUB_KZT,0.177444,false
2025-03-08,RUB_TJS,0.109629,true
2025-03-08,RUB_UZS,0.000794,true
2025-03-08,RUB_KGS,0.967390,true
2025-03-08,RUB_AMD,0.243201,true
2025-03-08,RUB_KZT,0.177444,true
2025-03-09,RUB_TJS,0.109629,true
2025-03-09,RUB_UZS,0.000794,true
2025-03-09,RUB_KGS,0.967390,true
2025-03-09,RUB_AMD,0.243201,true
2025-03-09,RUB_KZT,0.177444,true
2025-03-10,RUB_TJS,0.110699,false
2025-03-10,RUB_UZS,0.000778,false
2025-03-10,RUB_KGS,0.985913,false
2025-03-10,RUB_AMD,0.247586,false
2025-03-10,RUB_KZT,0.177921,false
2025-03-11,RUB_TJS,0.111436,false
2025-03-11,RUB_UZS,0.000774,false
2025-03-11,RUB_KGS,0.986593,false
2025-03-11,RUB_AMD,0.247608,false
2025-03-11,RUB_KZT,0.179042,false
2025-03-12,RUB_TJS,0.112192,false
2025-03-12,RUB_UZS,0.000773,false
2025-03-12,RUB_KGS,0.991312,false
2025-03-12,RUB_AMD,0.250212,false
2025-03-12,RUB_KZT,0.179581,false
2025-03-13,RUB_TJS,0.112641,false
2025-03-13,RUB_UZS,0.000766,false
2025-03-13,RUB_KGS,0.996163,false
2025-03-13,RUB_AMD,0.250687,false
2025-03-13,RUB_KZT,0.180597,false
2025-03-14,RUB_TJS,0.113379,false
2025-03-14,RUB_UZS,0.000761,false
2025-03-14,RUB_KGS,0.996688,false
2025-03-14,RUB_AMD,0.251086,false
2025-03-14,RUB_KZT,0.182529,false
2025-03-15,RUB_TJS,0.113379,true
2025-03-15,RUB_UZS,0.000761,true
2025-03-15,RUB_KGS,0.996688,true
2025-03-15,RUB_AMD,0.251086,true
2025-03-15,RUB_KZT,0.182529,true
2025-03-16,RUB_TJS,0.113379,true
2025-03-16,RUB_UZS,0.000761,true
2025-03-16,RUB_KGS,0.996688,true
2025-03-16,RUB_AMD,0.251086,true
2025-03-16,RUB_KZT,0.182529,true
2025-03-17,RUB_TJS,0.114333,false
2025-03-17,RUB_UZS,0.000751,false
2025-03-17,RUB_KGS,0.995150,false
2025-03-17,RUB_AMD,0.250753,false
2025-03-17,RUB_KZT,0.184979,false
2025-03-18,RUB_TJS,0.114390,false
2025-03-18,RUB_UZS,0.000747,false
2025-03-18,RUB_KGS,0.989745,false
2025-03-18,RUB_AMD,0.249281,false
2025-03-18,RUB_KZT,0.185289,false
2025-03-19,RUB_TJS,0.114725,false
2025-03-19,RUB_UZS,0.000748,false
2025-03-19,RUB_KGS,0.982944,false
2025-03-19,RUB_AMD,0.249269,false
2025-03-19,RUB_KZT,0.186294,false
2025-03-20,RUB_TJS,0.114121,false
2025-03-20,RUB_UZS,0.000746,false
2025-03-20,RUB_KGS,0.980885,false
2025-03-20,RUB_AMD,0.247614,false
2025-03-20,RUB_KZT,0.187698,false
2025-03-21,RUB_TJS,0.113866,false
2025-03-21,RUB_UZS,0.000747,false
2025-03-21,RUB_KGS,0.974357,false
2025-03-21,RUB_AMD,0.246650,false
2025-03-21,RUB_KZT,0.187217,false
2025-03-22,RUB_TJS,0.113866,true
2025-03-22,RUB_UZS,0.000747,true
2025-03-22,RUB_KGS,0.974357,true
2025-03-22,RUB_AMD,0.246650,true
2025-03-22,RUB_KZT,0.187217,true
2025-03-23,RUB_TJS,0.113866,true
2025-03-23,RUB_UZS,0.000747,true
2025-03-23,RUB_KGS,0.974357,true
2025-03-23,RUB_AMD,0.246650,true
2025-03-23,RUB_KZT,0.187217,true
2025-03-24,RUB_TJS,0.112257,false
2025-03-24,RUB_UZS,0.000754,false
2025-03-24,RUB_KGS,0.960987,false
2025-03-24,RUB_AMD,0.242908,false
2025-03-24,RUB_KZT,0.187182,false
2025-03-25,RUB_TJS,0.112027,false
2025-03-25,RUB_UZS,0.000758,false
2025-03-25,RUB_KGS,0.955380,false
2025-03-25,RUB_AMD,0.241587,false
2025-03-25,RUB_KZT,0.186505,false
2025-03-26,RUB_TJS,0.111758,false
2025-03-26,RUB_UZS,0.000768,false
2025-03-26,RUB_KGS,0.952531,false
2025-03-26,RUB_AMD,0.239592,false
2025-03-26,RUB_KZT,0.184698,false
2025-03-27,RUB_TJS,0.111195,false
2025-03-27,RUB_UZS,0.000770,false
2025-03-27,RUB_KGS,0.946860,false
2025-03-27,RUB_AMD,0.238291,false
2025-03-27,RUB_KZT,0.185060,false
2025-03-28,RUB_TJS,0.109957,false
2025-03-28,RUB_UZS,0.000777,false
2025-03-28,RUB_KGS,0.942345,false
2025-03-28,RUB_AMD,0.237618,false
2025-03-28,RUB_KZT,0.184008,false
2025-03-29,RUB_TJS,0.109957,true
2025-03-29,RUB_UZS,0.000777,true
2025-03-29,RUB_KGS,0.942345,true
2025-03-29,RUB_AMD,0.237618,true
2025-03-29,RUB_KZT,0.184008,true
2025-03-30,RUB_TJS,0.109957,true
2025-03-30,RUB_UZS,0.000777,true
2025-03-30,RUB_KGS,0.942345,true
2025-03-30,RUB_AMD,0.237618,true
2025-03-30,RUB_KZT,0.184008,true
2025-03-31,RUB_TJS,0.108827,false
2025-03-31,RUB_UZS,0.000786,false
2025-03-31,RUB_KGS,0.947101,false
2025-03-31,RUB_AMD,0.237095,false
2025-03-31,RUB_KZT,0.179610,false
2025-04-01,RUB_TJS,0.108418,false
2025-04-01,RUB_UZS,0.000792,false
2025-04-01,RUB_KGS,0.944370,false
2025-04-01,RUB_AMD,0.238035,false
2025-04-01,RUB_KZT,0.178264,false
2025-04-02,RUB_TJS,0.108106,false
2025-04-02,RUB_UZS,0.000793,false
2025-04-02,RUB_KGS,0.948785,false
2025-04-02,RUB_AMD,0.237834,false
2025-04-02,RUB_KZT,0.178404,false
2025-04-03,RUB_TJS,0.108812,false
2025-04-03,RUB_UZS,0.000791,false
2025-04-03,RUB_KGS,0.952745,false
2025-04-03,RUB_AMD,0.239752,false
2025-04-03,RUB_KZT,0.177055,false
2025-04-04,RUB_TJS,0.108886,false
2025-04-04,RUB_UZS,0.000795,false
2025-04-04,RUB_KGS,0.962337,false
2025-04-04,RUB_AMD,0.240530,false
2025-04-04,RUB_KZT,0.176385,false
2025-04-05,RUB_TJS,0.108886,true
2025-04-05,RUB_UZS,0.000795,true
2025-04-05,RUB_KGS,0.962337,true
2025-04-05,RUB_AMD,0.240530,true
2025-04-05,RUB_KZT,0.176385,true
2025-04-06,RUB_TJS,0.108886,true
2025-04-06,RUB_UZS,0.000795,true
2025-04-06,RUB_KGS,0.962337,true
2025-04-06,RUB_AMD,0.240530,true
2025-04-06,RUB_KZT,0.176385,true
2025-04-07,RUB_TJS,0.109496,false
2025-04-07,RUB_UZS,0.000789,false
2025-04-07,RUB_KGS,0.976395,false
2025-04-07,RUB_AMD,0.244334,false
2025-04-07,RUB_KZT,0.177191,false
2025-04-08,RUB_TJS,0.110686,false
2025-04-08,RUB_UZS,0.000781,false
2025-04-08,RUB_KGS,0.984252,false
2025-04-08,RUB_AMD,0.245227,false
2025-04-08,RUB_KZT,0.176702,false
2025-04-09,RUB_TJS,0.110957,false
2025-04-09,RUB_UZS,0.000779,false
2025-04-09,RUB_KGS,0.984545,false
2025-04-09,RUB_AMD,0.247450,false
2025-04-09,RUB_KZT,0.177266,false
2025-04-10,RUB_TJS,0.111854,false
2025-04-10,RUB_UZS,0.000774,false
2025-04-10,RUB_KGS,0.990697,false
2025-04-10,RUB_AMD,0.248395,false
2025-04-10,RUB_KZT,0.178822,false
2025-04-11,RUB_TJS,0.112197,false
2025-04-11,RUB_UZS,0.000771,false
2025-04-11,RUB_KGS,0.993320,false
2025-04-11,RUB_AMD,0.248437,false
2025-04-11,RUB_KZT,0.180003,false
2025-04-12,RUB_TJS,0.112197,true
2025-04-12,RUB_UZS,0.000771,true
2025-04-12,RUB_KGS,0.993320,true
2025-04-12,RUB_AMD,0.248437,true
2025-04-12,RUB_KZT,0.180003,true
2025-04-13,RUB_TJS,0.112197,true
2025-04-13,RUB_UZS,0.000771,true
2025-04-13,RUB_KGS,0.993320,true
2025-04-13,RUB_AMD,0.248437,true
2025-04-13,RUB_KZT,0.180003,true
2025-04-14,RUB_TJS,0.113830,false
2025-04-14,RUB_UZS,0.000755,false
2025-04-14,RUB_KGS,1.003020,false
2025-04-14,RUB_AMD,0.251812,false
2025-04-14,RUB_KZT,0.182341,false
2025-04-15,RUB_TJS,0.114700,false
2025-04-15,RUB_UZS,0.000755,false
2025-04-15,RUB_KGS,0.995350,false
2025-04-15,RUB_AMD,0.251881,false
2025-04-15,RUB_KZT,0.184217,false
2025-04-16,RUB_TJS,0.114520,false
2025-04-16,RUB_UZS,0.000750,false
2025-04-16,RUB_KGS,0.999128,false
2025-04-16,RUB_AMD,0.250263,false
2025-04-16,RUB_KZT,0.184608,false
2025-04-17,RUB_TJS,0.114688,false
2025-04-17,RUB_UZS,0.000750,false
2025-04-17,RUB_KGS,0.996969,false
2025-04-17,RUB_AMD,0.250145,false
2025-04-17,RUB_KZT,0.184782,false
2025-04-18,RUB_TJS,0.114841,false
2025-04-18,RUB_UZS,0.000748,false
2025-04-18,RUB_KGS,0.988724,false
2025-04-18,RUB_AMD,0.248457,false
2025-04-18,RUB_KZT,0.185771,false
2025-04-19,RUB_TJS,0.114841,true
2025-04-19,RUB_UZS,0.000748,true
2025-04-19,RUB_KGS,0.988724,true
2025-04-19,RUB_AMD,0.248457,true
2025-04-19,RUB_KZT,0.185771,true
2025-04-20,RUB_TJS,0.114841,true
2025-04-20,RUB_UZS,0.000748,true
2025-04-20,RUB_KGS,0.988724,true
2025-04-20,RUB_AMD,0.248457,true
2025-04-20,RUB_KZT,0.185771,true
2025-04-21,RUB_TJS,0.113853,false
2025-04-21,RUB_UZS,0.000751,false
2025-04-21,RUB_KGS,0.973846,false
2025-04-21,RUB_AMD,0.245329,false
2025-04-21,RUB_KZT,0.187493,false
2025-04-22,RUB_TJS,0.113400,false
2025-04-22,RUB_UZS,0.000749,false
2025-04-22,RUB_KGS,0.968576,false
2025-04-22,RUB_AMD,0.243567,false
2025-04-22,RUB_KZT,0.187570,false
2025-04-23,RUB_TJS,0.113280,false
2025-04-23,RUB_UZS,0.000752,false
2025-04-23,RUB_KGS,0.962264,false
2025-04-23,RUB_AMD,0.243201,false
2025-04-23,RUB_KZT,0.186403,false
2025-04-24,RUB_TJS,0.112646,false
2025-04-24,RUB_UZS,0.000760,false
2025-04-24,RUB_KGS,0.957803,false
2025-04-24,RUB_AMD,0.241237,false
2025-04-24,RUB_KZT,0.186135,false
2025-04-25,RUB_TJS,0.112336,false
2025-04-25,RUB_UZS,0.000759,false
2025-04-25,RUB_KGS,0.957767,false
2025-04-25,RUB_AMD,0.240422,false
2025-04-25,RUB_KZT,0.185637,false
2025-04-26,RUB_TJS,0.112336,true
2025-04-26,RUB_UZS,0.000759,true
2025-04-26,RUB_KGS,0.957767,true
2025-04-26,RUB_AMD,0.240422,true
2025-04-26,RUB_KZT,0.185637,true
2025-04-27,RUB_TJS,0.112336,true
2025-04-27,RUB_UZS,0.000759,true
2025-04-27,RUB_KGS,0.957767,true
2025-04-27,RUB_AMD,0.240422,true
2025-04-27,RUB_KZT,0.185637,true
2025-04-28,RUB_TJS,0.110385,false
2025-04-28,RUB_UZS,0.000775,false
2025-04-28,RUB_KGS,0.948419,false
2025-04-28,RUB_AMD,0.237535,false
2025-04-28,RUB_KZT,0.181914,false
2025-04-29,RUB_TJS,0.109284,false
2025-04-29,RUB_UZS,0.000779,false
2025-04-29,RUB_KGS,0.947887,false
2025-04-29,RUB_AMD,0.237145,false
2025-04-29,RUB_KZT,0.181614,false
2025-04-30,RUB_TJS,0.109259,false
2025-04-30,RUB_UZS,0.000784,false
2025-04-30,RUB_KGS,0.943779,false
2025-04-30,RUB_AMD,0.237708,false
2025-04-30,RUB_KZT,0.180287,false
2025-05-01,RUB_TJS,0.108956,false
2025-05-01,RUB_UZS,0.000786,false
2025-05-01,RUB_KGS,0.950345,false
2025-05-01,RUB_AMD,0.236920,false
2025-05-01,RUB_KZT,0.179550,false
2025-05-02,RUB_TJS,0.108547,false
2025-05-02,RUB_UZS,0.000787,false
2025-05-02,RUB_KGS,0.955073,false
2025-05-02,RUB_AMD,0.238328,false
2025-05-02,RUB_KZT,0.177629,false
2025-05-03,RUB_TJS,0.108547,true
2025-05-03,RUB_UZS,0.000787,true
2025-05-03,RUB_KGS,0.955073,true
2025-05-03,RUB_AMD,0.238328,true
2025-05-03,RUB_KZT,0.177629,true
2025-05-04,RUB_TJS,0.108547,true
2025-05-04,RUB_UZS,0.000787,true
2025-05-04,RUB_KGS,0.955073,true
2025-05-04,RUB_AMD,0.238328,true
2025-05-04,RUB_KZT,0.177629,true
2025-05-05,RUB_TJS,0.109289,false
2025-05-05,RUB_UZS,0.000787,false
2025-05-05,RUB_KGS,0.966893,false
2025-05-05,RUB_AMD,0.242042,false
2025-05-05,RUB_KZT,0.176428,false
2025-05-06,RUB_TJS,0.109610,false
2025-05-06,RUB_UZS,0.000787,false
2025-05-06,RUB_KGS,0.973034,false
2025-05-06,RUB_AMD,0.242203,false
2025-05-06,RUB_KZT,0.176207,false
2025-05-07,RUB_TJS,0.109763,false
2025-05-07,RUB_UZS,0.000789,false
2025-05-07,RUB_KGS,0.978009,false
2025-05-07,RUB_AMD,0.243137,false
2025-05-07,RUB_KZT,0.176369,false
2025-05-08,RUB_TJS,0.110573,false
2025-05-08,RUB_UZS,0.000782,false
2025-05-08,RUB_KGS,0.983137,false
2025-05-08,RUB_AMD,0.245984,false
2025-05-08,RUB_KZT,0.176417,false
2025-05-09,RUB_TJS,0.111449,false
2025-05-09,RUB_UZS,0.000780,false
2025-05-09,RUB_KGS,0.985542,false
2025-05-09,RUB_AMD,0.247375,false
2025-05-09,RUB_KZT,0.177572,false
2025-05-10,RUB_TJS,0.111449,true
2025-05-10,RUB_UZS,0.000780,true
2025-05-10,RUB_KGS,0.985542,true
2025-05-10,RUB_AMD,0.247375,true
2025-05-10,RUB_KZT,0.177572,true
2025-05-11,RUB_TJS,0.111449,true
2025-05-11,RUB_UZS,0.000780,true
2025-05-11,RUB_KGS,0.985542,true
2025-05-11,RUB_AMD,0.247375,true
2025-05-11,RUB_KZT,0.177572,true
2025-05-12,RUB_TJS,0.113133,false
2025-05-12,RUB_UZS,0.000766,false
2025-05-12,RUB_KGS,0.998719,false
2025-05-12,RUB_AMD,0.250335,false
2025-05-12,RUB_KZT,0.179344,false
2025-05-13,RUB_TJS,0.113254,false
2025-05-13,RUB_UZS,0.000758,false
2025-05-13,RUB_KGS,0.999088,false
2025-05-13,RUB_AMD,0.251756,false
2025-05-13,RUB_KZT,0.181385,false
2025-05-14,RUB_TJS,0.114045,false
2025-05-14,RUB_UZS,0.000753,false
2025-05-14,RUB_KGS,1.002482,false
2025-05-14,RUB_AMD,0.252123,false
2025-05-14,RUB_KZT,0.181403,false
2025-05-15,RUB_TJS,0.114193,false
2025-05-15,RUB_UZS,0.000750,false
2025-05-15,RUB_KGS,0.999714,false
2025-05-15,RUB_AMD,0.252310,false
2025-05-15,RUB_KZT,0.182411,false
2025-05-16,RUB_TJS,0.115244,false
2025-05-16,RUB_UZS,0.000751,false
2025-05-16,RUB_KGS,0.997293,false
2025-05-16,RUB_AMD,0.251623,false
2025-05-16,RUB_KZT,0.183254,false
2025-05-17,RUB_TJS,0.115244,true
2025-05-17,RUB_UZS,0.000751,true
2025-05-17,RUB_KGS,0.997293,true
2025-05-17,RUB_AMD,0.251623,true
2025-05-17,RUB_KZT,0.183254,true
2025-05-18,RUB_TJS,0.115244,true
2025-05-18,RUB_UZS,0.000751,true
2025-05-18,RUB_KGS,0.997293,true
2025-05-18,RUB_AMD,0.251623,true
2025-05-18,RUB_KZT,0.183254,true
2025-05-19,RUB_TJS,0.114824,false
2025-05-19,RUB_UZS,0.000742,false
2025-05-19,RUB_KGS,0.994438,false
2025-05-19,RUB_AMD,0.248587,false
2025-05-19,RUB_KZT,0.185839,false
2025-05-20,RUB_TJS,0.114622,false
2025-05-20,RUB_UZS,0.000746,false
2025-05-20,RUB_KGS,0.986347,false
2025-05-20,RUB_AMD,0.247033,false
2025-05-20,RUB_KZT,0.187127,false
2025-05-21,RUB_TJS,0.114955,false
2025-05-21,RUB_UZS,0.000743,false
2025-05-21,RUB_KGS,0.977421,false
2025-05-21,RUB_AMD,0.246467,false
2025-05-21,RUB_KZT,0.186274,false
2025-05-22,RUB_TJS,0.114461,false
2025-05-22,RUB_UZS,0.000746,false
2025-05-22,RUB_KGS,0.978607,false
2025-05-22,RUB_AMD,0.244503,false
2025-05-22,RUB_KZT,0.186207,false
2025-05-23,RUB_TJS,0.113849,false
2025-05-23,RUB_UZS,0.000748,false
2025-05-23,RUB_KGS,0.971082,false
2025-05-23,RUB_AMD,0.243714,false
2025-05-23,RUB_KZT,0.186149,false
2025-05-24,RUB_TJS,0.113849,true
2025-05-24,RUB_UZS,0.000748,true
2025-05-24,RUB_KGS,0.971082,true
2025-05-24,RUB_AMD,0.243714,true
2025-05-24,RUB_KZT,0.186149,true
2025-05-25,RUB_TJS,0.113849,true
2025-05-25,RUB_UZS,0.000748,true
2025-05-25,RUB_KGS,0.971082,true
2025-05-25,RUB_AMD,0.243714,true
2025-05-25,RUB_KZT,0.186149,true
2025-05-26,RUB_TJS,0.111957,false
2025-05-26,RUB_UZS,0.000760,false
2025-05-26,RUB_KGS,0.957298,false
2025-05-26,RUB_AMD,0.240714,false
2025-05-26,RUB_KZT,0.184753,false
2025-05-27,RUB_TJS,0.110937,false
2025-05-27,RUB_UZS,0.000766,false
2025-05-27,RUB_KGS,0.952942,false
2025-05-27,RUB_AMD,0.238819,false
2025-05-27,RUB_KZT,0.184006,false
2025-05-28,RUB_TJS,0.110566,false
2025-05-28,RUB_UZS,0.000775,false
2025-05-28,RUB_KGS,0.946925,false
2025-05-28,RUB_AMD,0.238363,false
2025-05-28,RUB_KZT,0.182773,false
2025-05-29,RUB_TJS,0.110001,false
2025-05-29,RUB_UZS,0.000775,false
2025-05-29,RUB_KGS,0.953097,false
2025-05-29,RUB_AMD,0.238594,false
2025-05-29,RUB_KZT,0.181256,false
2025-05-30,RUB_TJS,0.109657,false
2025-05-30,RUB_UZS,0.000782,false
2025-05-30,RUB_KGS,0.952002,false
2025-05-30,RUB_AMD,0.238608,false
2025-05-30,RUB_KZT,0.180686,false
2025-05-31,RUB_TJS,0.109657,true
2025-05-31,RUB_UZS,0.000782,true
2025-05-31,RUB_KGS,0.952002,true
2025-05-31,RUB_AMD,0.238608,true
2025-05-31,RUB_KZT,0.180686,true
2025-06-01,RUB_TJS,0.109657,true
2025-06-01,RUB_UZS,0.000782,true
2025-06-01,RUB_KGS,0.952002,true
2025-06-01,RUB_AMD,0.238608,true
2025-06-01,RUB_KZT,0.180686,true
2025-06-02,RUB_TJS,0.108606,false
2025-06-02,RUB_UZS,0.000790,false
2025-06-02,RUB_KGS,0.959794,false
2025-06-02,RUB_AMD,0.239790,false
2025-06-02,RUB_KZT,0.177235,false
2025-06-03,RUB_TJS,0.109081,false
2025-06-03,RUB_UZS,0.000788,false
2025-06-03,RUB_KGS,0.957396,false
2025-06-03,RUB_AMD,0.239784,false
2025-06-03,RUB_KZT,0.177393,false
2025-06-04,RUB_TJS,0.109565,false
2025-06-04,RUB_UZS,0.000788,false
2025-06-04,RUB_KGS,0.965073,false
2025-06-04,RUB_AMD,0.241017,false
2025-06-04,RUB_KZT,0.175642,false
2025-06-05,RUB_TJS,0.109275,false
2025-06-05,RUB_UZS,0.000790,false
2025-06-05,RUB_KGS,0.970092,false
2025-06-05,RUB_AMD,0.241551,false
2025-06-05,RUB_KZT,0.175514,false
2025-06-06,RUB_TJS,0.110090,false
2025-06-06,RUB_UZS,0.000786,false
2025-06-06,RUB_KGS,0.977363,false
2025-06-06,RUB_AMD,0.242862,false
2025-06-06,RUB_KZT,0.176419,false
2025-06-07,RUB_TJS,0.110090,true
2025-06-07,RUB_UZS,0.000786,true
2025-06-07,RUB_KGS,0.977363,true
2025-06-07,RUB_AMD,0.242862,true
2025-06-07,RUB_KZT,0.176419,true
2025-06-08,RUB_TJS,0.110090,true
2025-06-08,RUB_UZS,0.000786,true
2025-06-08,RUB_KGS,0.977363,true
2025-06-08,RUB_AMD,0.242862,true
2025-06-08,RUB_KZT,0.176419,true
2025-06-09,RUB_TJS,0.111302,false
2025-06-09,RUB_UZS,0.000772,false
2025-06-09,RUB_KGS,0.994285,false
2025-06-09,RUB_AMD,0.248618,false
2025-06-09,RUB_KZT,0.176931,false
2025-06-10,RUB_TJS,0.112013,false
2025-06-10,RUB_UZS,0.000772,false
2025-06-10,RUB_KGS,0.999418,false
2025-06-10,RUB_AMD,0.249622,false
2025-06-10,RUB_KZT,0.177944,false
2025-06-11,RUB_TJS,0.113371,false
2025-06-11,RUB_UZS,0.000764,false
2025-06-11,RUB_KGS,0.999825,false
2025-06-11,RUB_AMD,0.250727,false
2025-06-11,RUB_KZT,0.179602,false
2025-06-12,RUB_TJS,0.113209,false
2025-06-12,RUB_UZS,0.000764,false
2025-06-12,RUB_KGS,1.001013,false
2025-06-12,RUB_AMD,0.250810,false
2025-06-12,RUB_KZT,0.180423,false
2025-06-13,RUB_TJS,0.114266,false
2025-06-13,RUB_UZS,0.000758,false
2025-06-13,RUB_KGS,1.006461,false
2025-06-13,RUB_AMD,0.251678,false
2025-06-13,RUB_KZT,0.181614,false
2025-06-14,RUB_TJS,0.114266,true
2025-06-14,RUB_UZS,0.000758,true
2025-06-14,RUB_KGS,1.006461,true
2025-06-14,RUB_AMD,0.251678,true
2025-06-14,RUB_KZT,0.181614,true
2025-06-15,RUB_TJS,0.114266,true
2025-06-15,RUB_UZS,0.000758,true
2025-06-15,RUB_KGS,1.006461,true
2025-06-15,RUB_AMD,0.251678,true
2025-06-15,RUB_KZT,0.181614,true
2025-06-16,RUB_TJS,0.115124,false
2025-06-16,RUB_UZS,0.000745,false
2025-06-16,RUB_KGS,1.000958,false
2025-06-16,RUB_AMD,0.251637,false
2025-06-16,RUB_KZT,0.184228,false
2025-06-17,RUB_TJS,0.115626,false
2025-06-17,RUB_UZS,0.000744,false
2025-06-17,RUB_KGS,1.001202,false
2025-06-17,RUB_AMD,0.250860,false
2025-06-17,RUB_KZT,0.185568,false
2025-06-18,RUB_TJS,0.114963,false
2025-06-18,RUB_UZS,0.000741,false
2025-06-18,RUB_KGS,0.992578,false
2025-06-18,RUB_AMD,0.249452,false
2025-06-18,RUB_KZT,0.185612,false
2025-06-19,RUB_TJS,0.115459,false
2025-06-19,RUB_UZS,0.000745,false
2025-06-19,RUB_KGS,0.993886,false
2025-06-19,RUB_AMD,0.248302,false
2025-06-19,RUB_KZT,0.186403,false
2025-06-20,RUB_TJS,0.115093,false
2025-06-20,RUB_UZS,0.000742,false
2025-06-20,RUB_KGS,0.986049,false
2025-06-20,RUB_AMD,0.247119,false
2025-06-20,RUB_KZT,0.186177,false
2025-06-21,RUB_TJS,0.115093,true
2025-06-21,RUB_UZS,0.000742,true
2025-06-21,RUB_KGS,0.986049,true
2025-06-21,RUB_AMD,0.247119,true
2025-06-21,RUB_KZT,0.186177,true
2025-06-22,RUB_TJS,0.115093,true
2025-06-22,RUB_UZS,0.000742,true
2025-06-22,RUB_KGS,0.986049,true
2025-06-22,RUB_AMD,0.247119,true
2025-06-22,RUB_KZT,0.186177,true
2025-06-23,RUB_TJS,0.113848,false
2025-06-23,RUB_UZS,0.000751,false
2025-06-23,RUB_KGS,0.965367,false
2025-06-23,RUB_AMD,0.242550,false
2025-06-23,RUB_KZT,0.185771,false
2025-06-24,RUB_TJS,0.112443,false
2025-06-24,RUB_UZS,0.000754,false
2025-06-24,RUB_KGS,0.960660,false
2025-06-24,RUB_AMD,0.241796,false
2025-06-24,RUB_KZT,0.185747,false
2025-06-25,RUB_TJS,0.111783,false
2025-06-25,RUB_UZS,0.000760,false
2025-06-25,RUB_KGS,0.957688,false
2025-06-25,RUB_AMD,0.240362,false
2025-06-25,RUB_KZT,0.185466,false
2025-06-26,RUB_TJS,0.111889,false
2025-06-26,RUB_UZS,0.000765,false
2025-06-26,RUB_KGS,0.959356,false
2025-06-26,RUB_AMD,0.240305,false
2025-06-26,RUB_KZT,0.183678,false
2025-06-27,RUB_TJS,0.111144,false
2025-06-27,RUB_UZS,0.000771,false
2025-06-27,RUB_KGS,0.954943,false
2025-06-27,RUB_AMD,0.238378,false
2025-06-27,RUB_KZT,0.182616,false
2025-06-28,RUB_TJS,0.111144,true
2025-06-28,RUB_UZS,0.000771,true
2025-06-28,RUB_KGS,0.954943,true
2025-06-28,RUB_AMD,0.238378,true
2025-06-28,RUB_KZT,0.182616,true
2025-06-29,RUB_TJS,0.111144,true
2025-06-29,RUB_UZS,0.000771,true
2025-06-29,RUB_KGS,0.954943,true
2025-06-29,RUB_AMD,0.238378,true
2025-06-29,RUB_KZT,0.182616,true
2025-06-30,RUB_TJS,0.109572,false
2025-06-30,RUB_UZS,0.000785,false
2025-06-30,RUB_KGS,0.948968,false
2025-06-30,RUB_AMD,0.238087,false
2025-06-30,RUB_KZT,0.180179,false
2025-07-01,RUB_TJS,0.109269,false
2025-07-01,RUB_UZS,0.000792,false
2025-07-01,RUB_KGS,0.952366,false
2025-07-01,RUB_AMD,0.238317,false
2025-07-01,RUB_KZT,0.178000,false
2025-07-02,RUB_TJS,0.109150,false
2025-07-02,RUB_UZS,0.000798,false
2025-07-02,RUB_KGS,0.953845,false
2025-07-02,RUB_AMD,0.239479,false
2025-07-02,RUB_KZT,0.176987,false
2025-07-03,RUB_TJS,0.109571,false
2025-07-03,RUB_UZS,0.000795,false
2025-07-03,RUB_KGS,0.962122,false
2025-07-03,RUB_AMD,0.239075,false
2025-07-03,RUB_KZT,0.176887,false
2025-07-04,RUB_TJS,0.109080,false
2025-07-04,RUB_UZS,0.000800,false
2025-07-04,RUB_KGS,0.964543,false
2025-07-04,RUB_AMD,0.241337,false
2025-07-04,RUB_KZT,0.176628,false
2025-07-05,RUB_TJS,0.109080,true
2025-07-05,RUB_UZS,0.000800,true
2025-07-05,RUB_KGS,0.964543,true
2025-07-05,RUB_AMD,0.241337,true
2025-07-05,RUB_KZT,0.176628,true
2025-07-06,RUB_TJS,0.109080,true
2025-07-06,RUB_UZS,0.000800,true
2025-07-06,RUB_KGS,0.964543,true
2025-07-06,RUB_AMD,0.241337,true
2025-07-06,RUB_KZT,0.176628,true
2025-07-07,RUB_TJS,0.110838,false
2025-07-07,RUB_UZS,0.000791,false
2025-07-07,RUB_KGS,0.983968,false
2025-07-07,RUB_AMD,0.244526,false
2025-07-07,RUB_KZT,0.175977,false
2025-07-08,RUB_TJS,0.111160,false
2025-07-08,RUB_UZS,0.000788,false
2025-07-08,RUB_KGS,0.990974,false
2025-07-08,RUB_AMD,0.246566,false
2025-07-08,RUB_KZT,0.176926,false
2025-07-09,RUB_TJS,0.111379,false
2025-07-09,RUB_UZS,0.000785,false
2025-07-09,RUB_KGS,0.989529,false
2025-07-09,RUB_AMD,0.248255,false
2025-07-09,RUB_KZT,0.177456,false
2025-07-10,RUB_TJS,0.112008,false
2025-07-10,RUB_UZS,0.000780,false
2025-07-10,RUB_KGS,0.995433,false
2025-07-10,RUB_AMD,0.249449,false
2025-07-10,RUB_KZT,0.177943,false
2025-07-11,RUB_TJS,0.113033,false
2025-07-11,RUB_UZS,0.000774,false
2025-07-11,RUB_KGS,1.004690,false
2025-07-11,RUB_AMD,0.249996,false
2025-07-11,RUB_KZT,0.178125,false
2025-07-12,RUB_TJS,0.113033,true
2025-07-12,RUB_UZS,0.000774,true
2025-07-12,RUB_KGS,1.004690,true
2025-07-12,RUB_AMD,0.249996,true
2025-07-12,RUB_KZT,0.178125,true
2025-07-13,RUB_TJS,0.113033,true
2025-07-13,RUB_UZS,0.000774,true
2025-07-13,RUB_KGS,1.004690,true
2025-07-13,RUB_AMD,0.249996,true
2025-07-13,RUB_KZT,0.178125,true
2025-07-14,RUB_TJS,0.114558,false
2025-07-14,RUB_UZS,0.000764,false
2025-07-14,RUB_KGS,1.003781,false
2025-07-14,RUB_AMD,0.251381,false
2025-07-14,RUB_KZT,0.181773,false
2025-07-15,RUB_TJS,0.115007,false
2025-07-15,RUB_UZS,0.000757,false
2025-07-15,RUB_KGS,1.002592,false
2025-07-15,RUB_AMD,0.252130,false
2025-07-15,RUB_KZT,0.182352,false
2025-07-16,RUB_TJS,0.114925,false
2025-07-16,RUB_UZS,0.000752,false
2025-07-16,RUB_KGS,1.001962,false
2025-07-16,RUB_AMD,0.251958,false
2025-07-16,RUB_KZT,0.183207,false
2025-07-17,RUB_TJS,0.115616,false
2025-07-17,RUB_UZS,0.000756,false
2025-07-17,RUB_KGS,0.998866,false
2025-07-17,RUB_AMD,0.251720,false
2025-07-17,RUB_KZT,0.184878,false
2025-07-18,RUB_TJS,0.115257,false
2025-07-18,RUB_UZS,0.000751,false
2025-07-18,RUB_KGS,1.000990,false
2025-07-18,RUB_AMD,0.249500,false
2025-07-18,RUB_KZT,0.185439,false
2025-07-19,RUB_TJS,0.115257,true
2025-07-19,RUB_UZS,0.000751,true
2025-07-19,RUB_KGS,1.000990,true
2025-07-19,RUB_AMD,0.249500,true
2025-07-19,RUB_KZT,0.185439,true
2025-07-20,RUB_TJS,0.115257,true
2025-07-20,RUB_UZS,0.000751,true
2025-07-20,RUB_KGS,1.000990,true
2025-07-20,RUB_AMD,0.249500,true
2025-07-20,RUB_KZT,0.185439,true
2025-07-21,RUB_TJS,0.115179,false
2025-07-21,RUB_UZS,0.000753,false
2025-07-21,RUB_KGS,0.985006,false
2025-07-21,RUB_AMD,0.246036,false
2025-07-21,RUB_KZT,0.186997,false
2025-07-22,RUB_TJS,0.114342,false
2025-07-22,RUB_UZS,0.000753,false
2025-07-22,RUB_KGS,0.975578,false
2025-07-22,RUB_AMD,0.245367,false
2025-07-22,RUB_KZT,0.186226,false
2025-07-23,RUB_TJS,0.114039,false
2025-07-23,RUB_UZS,0.000757,false
2025-07-23,RUB_KGS,0.971836,false
2025-07-23,RUB_AMD,0.243998,false
2025-07-23,RUB_KZT,0.186204,false
2025-07-24,RUB_TJS,0.113532,false
2025-07-24,RUB_UZS,0.000759,false
2025-07-24,RUB_KGS,0.966971,false
2025-07-24,RUB_AMD,0.242794,false
2025-07-24,RUB_KZT,0.185442,false
2025-07-25,RUB_TJS,0.112833,false
2025-07-25,RUB_UZS,0.000764,false
2025-07-25,RUB_KGS,0.962442,false
2025-07-25,RUB_AMD,0.240476,false
2025-07-25,RUB_KZT,0.185338,false
2025-07-26,RUB_TJS,0.112833,true
2025-07-26,RUB_UZS,0.000764,true
2025-07-26,RUB_KGS,0.962442,true
2025-07-26,RUB_AMD,0.240476,true
2025-07-26,RUB_KZT,0.185338,true
2025-07-27,RUB_TJS,0.112833,true
2025-07-27,RUB_UZS,0.000764,true
2025-07-27,RUB_KGS,0.962442,true
2025-07-27,RUB_AMD,0.240476,true
2025-07-27,RUB_KZT,0.185338,true
2025-07-28,RUB_TJS,0.110334,false
2025-07-28,RUB_UZS,0.000783,false
2025-07-28,RUB_KGS,0.954838,false
2025-07-28,RUB_AMD,0.238506,false
2025-07-28,RUB_KZT,0.181657,false
2025-07-29,RUB_TJS,0.110407,false
2025-07-29,RUB_UZS,0.000784,false
2025-07-29,RUB_KGS,0.954954,false
2025-07-29,RUB_AMD,0.238783,false
2025-07-29,RUB_KZT,0.180545,false
2025-07-30,RUB_TJS,0.109496,false
2025-07-30,RUB_UZS,0.000791,false
2025-07-30,RUB_KGS,0.956321,false
2025-07-30,RUB_AMD,0.237639,false
2025-07-30,RUB_KZT,0.179711,false
2025-07-31,RUB_TJS,0.109457,false
2025-07-31,RUB_UZS,0.000791,false
2025-07-31,RUB_KGS,0.955847,false
2025-07-31,RUB_AMD,0.237802,false
2025-07-31,RUB_KZT,0.178730,false
2025-08-01,RUB_TJS,0.109103,false
2025-08-01,RUB_UZS,0.000793,false
2025-08-01,RUB_KGS,0.958418,false
2025-08-01,RUB_AMD,0.239347,false
2025-08-01,RUB_KZT,0.177689,false
2025-08-02,RUB_TJS,0.109103,true
2025-08-02,RUB_UZS,0.000793,true
2025-08-02,RUB_KGS,0.958418,true
2025-08-02,RUB_AMD,0.239347,true
2025-08-02,RUB_KZT,0.177689,true
2025-08-03,RUB_TJS,0.109103,true
2025-08-03,RUB_UZS,0.000793,true
2025-08-03,RUB_KGS,0.958418,true
2025-08-03,RUB_AMD,0.239347,true
2025-08-03,RUB_KZT,0.177689,true
2025-08-04,RUB_TJS,0.109339,false
2025-08-04,RUB_UZS,0.000795,false
2025-08-04,RUB_KGS,0.970629,false
2025-08-04,RUB_AMD,0.241907,false
2025-08-04,RUB_KZT,0.176239,false
2025-08-05,RUB_TJS,0.110098,false
2025-08-05,RUB_UZS,0.000792,false
2025-08-05,RUB_KGS,0.978800,false
2025-08-05,RUB_AMD,0.243556,false
2025-08-05,RUB_KZT,0.175597,false
2025-08-06,RUB_TJS,0.109862,false
2025-08-06,RUB_UZS,0.000796,false
2025-08-06,RUB_KGS,0.981328,false
2025-08-06,RUB_AMD,0.243754,false
2025-08-06,RUB_KZT,0.176323,false
2025-08-07,RUB_TJS,0.110630,false
2025-08-07,RUB_UZS,0.000791,false
2025-08-07,RUB_KGS,0.985332,false
2025-08-07,RUB_AMD,0.245917,false
2025-08-07,RUB_KZT,0.176486,false
2025-08-08,RUB_TJS,0.111696,false
2025-08-08,RUB_UZS,0.000787,false
2025-08-08,RUB_KGS,0.994856,false
2025-08-08,RUB_AMD,0.246396,false
2025-08-08,RUB_KZT,0.176295,false
2025-08-09,RUB_TJS,0.111696,true
2025-08-09,RUB_UZS,0.000787,true
2025-08-09,RUB_KGS,0.994856,true
2025-08-09,RUB_AMD,0.246396,true
2025-08-09,RUB_KZT,0.176295,true
2025-08-10,RUB_TJS,0.111696,true
2025-08-10,RUB_UZS,0.000787,true
2025-08-10,RUB_KGS,0.994856,true
2025-08-10,RUB_AMD,0.246396,true
2025-08-10,RUB_KZT,0.176295,true
2025-08-11,RUB_TJS,0.113575,false
2025-08-11,RUB_UZS,0.000771,false
2025-08-11,RUB_KGS,1.005253,false
2025-08-11,RUB_AMD,0.251511,false
2025-08-11,RUB_KZT,0.178590,false
2025-08-12,RUB_TJS,0.113850,false
2025-08-12,RUB_UZS,0.000766,false
2025-08-12,RUB_KGS,1.008164,false
2025-08-12,RUB_AMD,0.251205,false
2025-08-12,RUB_KZT,0.179925,false
2025-08-13,RUB_TJS,0.114747,false
2025-08-13,RUB_UZS,0.000766,false
2025-08-13,RUB_KGS,1.007679,false
2025-08-13,RUB_AMD,0.251262,false
2025-08-13,RUB_KZT,0.181742,false
2025-08-14,RUB_TJS,0.115217,false
2025-08-14,RUB_UZS,0.000758,false
2025-08-14,RUB_KGS,1.004256,false
2025-08-14,RUB_AMD,0.251599,false
2025-08-14,RUB_KZT,0.181900,false
2025-08-15,RUB_TJS,0.115394,false
2025-08-15,RUB_UZS,0.000757,false
2025-08-15,RUB_KGS,1.008529,false
2025-08-15,RUB_AMD,0.252519,false
2025-08-15,RUB_KZT,0.183169,false
2025-08-16,RUB_TJS,0.115394,true
2025-08-16,RUB_UZS,0.000757,true
2025-08-16,RUB_KGS,1.008529,true
2025-08-16,RUB_AMD,0.252519,true
2025-08-16,RUB_KZT,0.183169,true
2025-08-17,RUB_TJS,0.115394,true
2025-08-17,RUB_UZS,0.000757,true
2025-08-17,RUB_KGS,1.008529,true
2025-08-17,RUB_AMD,0.252519,true
2025-08-17,RUB_KZT,0.183169,true
2025-08-18,RUB_TJS,0.115237,false
2025-08-18,RUB_UZS,0.000754,false
2025-08-18,RUB_KGS,0.998100,false
2025-08-18,RUB_AMD,0.249180,false
2025-08-18,RUB_KZT,0.185820,false
2025-08-19,RUB_TJS,0.115039,false
2025-08-19,RUB_UZS,0.000754,false
2025-08-19,RUB_KGS,0.990183,false
2025-08-19,RUB_AMD,0.248333,false
2025-08-19,RUB_KZT,0.186869,false
2025-08-20,RUB_TJS,0.115380,false
2025-08-20,RUB_UZS,0.000750,false
2025-08-20,RUB_KGS,0.989212,false
2025-08-20,RUB_AMD,0.247901,false
2025-08-20,RUB_KZT,0.186653,false
2025-08-21,RUB_TJS,0.114945,false
2025-08-21,RUB_UZS,0.000754,false
2025-08-21,RUB_KGS,0.982346,false
2025-08-21,RUB_AMD,0.246370,false
2025-08-21,RUB_KZT,0.186886,false
2025-08-22,RUB_TJS,0.114125,false
2025-08-22,RUB_UZS,0.000756,false
2025-08-22,RUB_KGS,0.975735,false
2025-08-22,RUB_AMD,0.244388,false
2025-08-22,RUB_KZT,0.186644,false
2025-08-23,RUB_TJS,0.114125,true
2025-08-23,RUB_UZS,0.000756,true
2025-08-23,RUB_KGS,0.975735,true
2025-08-23,RUB_AMD,0.244388,true
2025-08-23,RUB_KZT,0.186644,true
2025-08-24,RUB_TJS,0.114125,true
2025-08-24,RUB_UZS,0.000756,true
2025-08-24,RUB_KGS,0.975735,true
2025-08-24,RUB_AMD,0.244388,true
2025-08-24,RUB_KZT,0.186644,true
2025-08-25,RUB_TJS,0.111969,false
2025-08-25,RUB_UZS,0.000769,false
2025-08-25,RUB_KGS,0.958060,false
2025-08-25,RUB_AMD,0.240430,false
2025-08-25,RUB_KZT,0.184083,false
2025-08-26,RUB_TJS,0.111254,false
2025-08-26,RUB_UZS,0.000773,false
2025-08-26,RUB_KGS,0.957223,false
2025-08-26,RUB_AMD,0.240444,false
2025-08-26,RUB_KZT,0.182767,false
2025-08-27,RUB_TJS,0.111302,false
2025-08-27,RUB_UZS,0.000776,false
2025-08-27,RUB_KGS,0.952021,false
2025-08-27,RUB_AMD,0.238622,false
2025-08-27,RUB_KZT,0.182510,false
2025-08-28,RUB_TJS,0.110829,false
2025-08-28,RUB_UZS,0.000780,false
2025-08-28,RUB_KGS,0.955871,false
2025-08-28,RUB_AMD,0.237424,false
2025-08-28,RUB_KZT,0.181723,false
2025-08-29,RUB_TJS,0.109858,false
2025-08-29,RUB_UZS,0.000788,false
2025-08-29,RUB_KGS,0.956605,false
2025-08-29,RUB_AMD,0.238003,false
2025-08-29,RUB_KZT,0.180898,false
2025-08-30,RUB_TJS,0.109858,true
2025-08-30,RUB_UZS,0.000788,true
2025-08-30,RUB_KGS,0.956605,true
2025-08-30,RUB_AMD,0.238003,true
2025-08-30,RUB_KZT,0.180898,true
2025-08-31,RUB_TJS,0.109858,true
2025-08-31,RUB_UZS,0.000788,true
2025-08-31,RUB_KGS,0.956605,true
2025-08-31,RUB_AMD,0.238003,true
2025-08-31,RUB_KZT,0.180898,true
2025-09-01,RUB_TJS,0.109384,false
2025-09-01,RUB_UZS,0.000793,false
2025-09-01,RUB_KGS,0.956679,false
2025-09-01,RUB_AMD,0.239608,false
2025-09-01,RUB_KZT,0.177857,false
2025-09-02,RUB_TJS,0.109635,false
2025-09-02,RUB_UZS,0.000796,false
2025-09-02,RUB_KGS,0.962677,false
2025-09-02,RUB_AMD,0.240225,false
2025-09-02,RUB_KZT,0.176976,false
2025-09-03,RUB_TJS,0.109730,false
2025-09-03,RUB_UZS,0.000796,false
2025-09-03,RUB_KGS,0.965570,false
2025-09-03,RUB_AMD,0.240326,false
2025-09-03,RUB_KZT,0.176821,false
2025-09-04,RUB_TJS,0.109793,false
2025-09-04,RUB_UZS,0.000795,false
2025-09-04,RUB_KGS,0.972113,false
2025-09-04,RUB_AMD,0.243123,false
2025-09-04,RUB_KZT,0.176191,false
2025-09-05,RUB_TJS,0.110329,false
2025-09-05,RUB_UZS,0.000795,false
2025-09-05,RUB_KGS,0.981406,false
2025-09-05,RUB_AMD,0.243946,false
2025-09-05,RUB_KZT,0.176075,false
2025-09-06,RUB_TJS,0.110329,true
2025-09-06,RUB_UZS,0.000795,true
2025-09-06,RUB_KGS,0.981406,true
2025-09-06,RUB_AMD,0.243946,true
2025-09-06,RUB_KZT,0.176075,true
2025-09-07,RUB_TJS,0.110329,true
2025-09-07,RUB_UZS,0.000795,true
2025-09-07,RUB_KGS,0.981406,true
2025-09-07,RUB_AMD,0.243946,true
2025-09-07,RUB_KZT,0.176075,true
2025-09-08,RUB_TJS,0.112082,false
2025-09-08,RUB_UZS,0.000786,false
2025-09-08,RUB_KGS,0.997971,false
2025-09-08,RUB_AMD,0.247324,false
2025-09-08,RUB_KZT,0.176225,false
2025-09-09,RUB_TJS,0.112330,false
2025-09-09,RUB_UZS,0.000782,false
2025-09-09,RUB_KGS,0.999541,false
2025-09-09,RUB_AMD,0.249405,false
2025-09-09,RUB_KZT,0.177390,false
2025-09-10,RUB_TJS,0.113080,false
2025-09-10,RUB_UZS,0.000772,false
2025-09-10,RUB_KGS,1.001861,false
2025-09-10,RUB_AMD,0.250117,false
2025-09-10,RUB_KZT,0.178335,false
2025-09-11,RUB_TJS,0.113622,false
2025-09-11,RUB_UZS,0.000768,false
2025-09-11,RUB_KGS,1.005965,false
2025-09-11,RUB_AMD,0.250622,false
2025-09-11,RUB_KZT,0.179600,false
2025-09-12,RUB_TJS,0.114220,false
2025-09-12,RUB_UZS,0.000767,false
2025-09-12,RUB_KGS,1.007848,false
2025-09-12,RUB_AMD,0.250797,false
2025-09-12,RUB_KZT,0.181384,false
2025-09-13,RUB_TJS,0.114220,true
2025-09-13,RUB_UZS,0.000767,true
2025-09-13,RUB_KGS,1.007848,true
2025-09-13,RUB_AMD,0.250797,true
2025-09-13,RUB_KZT,0.181384,true
2025-09-14,RUB_TJS,0.114220,true
2025-09-14,RUB_UZS,0.000767,true
2025-09-14,RUB_KGS,1.007848,true
2025-09-14,RUB_AMD,0.250797,true
2025-09-14,RUB_KZT,0.181384,true
2025-09-15,RUB_TJS,0.115696,false
2025-09-15,RUB_UZS,0.000755,false
2025-09-15,RUB_KGS,1.007676,false
2025-09-15,RUB_AMD,0.252371,false
2025-09-15,RUB_KZT,0.184251,false
2025-09-16,RUB_TJS,0.115644,false
2025-09-16,RUB_UZS,0.000752,false
2025-09-16,RUB_KGS,1.003979,false
2025-09-16,RUB_AMD,0.251614,false
2025-09-16,RUB_KZT,0.185362,false
2025-09-17,RUB_TJS,0.115658,false
2025-09-17,RUB_UZS,0.000749,false
2025-09-17,RUB_KGS,1.000883,false
2025-09-17,RUB_AMD,0.250758,false
2025-09-17,RUB_KZT,0.185758,false
2025-09-18,RUB_TJS,0.115658,false
2025-09-18,RUB_UZS,0.000749,false
2025-09-18,RUB_KGS,0.991056,false
2025-09-18,RUB_AMD,0.248392,false
2025-09-18,RUB_KZT,0.185576,false
2025-09-19,RUB_TJS,0.115255,false
2025-09-19,RUB_UZS,0.000751,false
2025-09-19,RUB_KGS,0.989201,false
2025-09-19,RUB_AMD,0.248480,false
2025-09-19,RUB_KZT,0.185926,false
2025-09-20,RUB_TJS,0.115255,true
2025-09-20,RUB_UZS,0.000751,true
2025-09-20,RUB_KGS,0.989201,true
2025-09-20,RUB_AMD,0.248480,true
2025-09-20,RUB_KZT,0.185926,true
2025-09-21,RUB_TJS,0.115255,true
2025-09-21,RUB_UZS,0.000751,true
2025-09-21,RUB_KGS,0.989201,true
2025-09-21,RUB_AMD,0.248480,true
2025-09-21,RUB_KZT,0.185926,true
2025-09-22,RUB_TJS,0.113979,false
2025-09-22,RUB_UZS,0.000761,false
2025-09-22,RUB_KGS,0.967900,false
2025-09-22,RUB_AMD,0.242795,false
2025-09-22,RUB_KZT,0.185396,false
2025-09-23,RUB_TJS,0.113287,false
2025-09-23,RUB_UZS,0.000762,false
2025-09-23,RUB_KGS,0.969714,false
2025-09-23,RUB_AMD,0.243237,false
2025-09-23,RUB_KZT,0.184807,false
2025-09-24,RUB_TJS,0.112506,false
2025-09-24,RUB_UZS,0.000766,false
2025-09-24,RUB_KGS,0.965042,false
2025-09-24,RUB_AMD,0.240787,false
2025-09-24,RUB_KZT,0.184172,false
2025-09-25,RUB_TJS,0.112111,false
2025-09-25,RUB_UZS,0.000770,false
2025-09-25,RUB_KGS,0.961413,false
2025-09-25,RUB_AMD,0.240243,false
2025-09-25,RUB_KZT,0.183666,false
2025-09-26,RUB_TJS,0.111289,false
2025-09-26,RUB_UZS,0.000777,false
2025-09-26,RUB_KGS,0.951856,false
2025-09-26,RUB_AMD,0.238767,false
2025-09-26,RUB_KZT,0.183103,false
2025-09-27,RUB_TJS,0.111289,true
2025-09-27,RUB_UZS,0.000777,true
2025-09-27,RUB_KGS,0.951856,true
2025-09-27,RUB_AMD,0.238767,true
2025-09-27,RUB_KZT,0.183103,true
2025-09-28,RUB_TJS,0.111289,true
2025-09-28,RUB_UZS,0.000777,true
2025-09-28,RUB_KGS,0.951856,true
2025-09-28,RUB_AMD,0.238767,true
2025-09-28,RUB_KZT,0.183103,true
2025-09-29,RUB_TJS,0.109796,false
2025-09-29,RUB_UZS,0.000793,false
2025-09-29,RUB_KGS,0.955776,false
2025-09-29,RUB_AMD,0.237931,false
2025-09-29,RUB_KZT,0.179476,false
2025-09-30,RUB_TJS,0.109780,false
2025-09-30,RUB_UZS,0.000793,false
2025-09-30,RUB_KGS,0.957997,false
2025-09-30,RUB_AMD,0.239040,false
2025-09-30,RUB_KZT,0.178380,false
2025-10-01,RUB_TJS,0.109593,false
2025-10-01,RUB_UZS,0.000793,false
2025-10-01,RUB_KGS,0.954482,false
2025-10-01,RUB_AMD,0.238400,false
2025-10-01,RUB_KZT,0.178369,false
2025-10-02,RUB_TJS,0.109121,false
2025-10-02,RUB_UZS,0.000793,false
2025-10-02,RUB_KGS,0.962080,false
2025-10-02,RUB_AMD,0.239166,false
2025-10-02,RUB_KZT,0.176369,false
2025-10-03,RUB_TJS,0.109374,false
2025-10-03,RUB_UZS,0.000794,false
2025-10-03,RUB_KGS,0.968636,false
2025-10-03,RUB_AMD,0.240618,false
2025-10-03,RUB_KZT,0.176416,false
2025-10-04,RUB_TJS,0.109374,true
2025-10-04,RUB_UZS,0.000794,true
2025-10-04,RUB_KGS,0.968636,true
2025-10-04,RUB_AMD,0.240618,true
2025-10-04,RUB_KZT,0.176416,true
2025-10-05,RUB_TJS,0.109374,true
2025-10-05,RUB_UZS,0.000794,true
2025-10-05,RUB_KGS,0.968636,true
2025-10-05,RUB_AMD,0.240618,true
2025-10-05,RUB_KZT,0.176416,true
2025-10-06,RUB_TJS,0.110390,false
2025-10-06,RUB_UZS,0.000793,false
2025-10-06,RUB_KGS,0.983549,false
2025-10-06,RUB_AMD,0.245050,false
2025-10-06,RUB_KZT,0.176197,false
2025-10-07,RUB_TJS,0.110718,false
2025-10-07,RUB_UZS,0.000787,false
2025-10-07,RUB_KGS,0.987694,false
2025-10-07,RUB_AMD,0.246772,false
2025-10-07,RUB_KZT,0.176604,false
2025-10-08,RUB_TJS,0.111571,false
2025-10-08,RUB_UZS,0.000784,false
2025-10-08,RUB_KGS,0.994917,false
2025-10-08,RUB_AMD,0.248112,false
2025-10-08,RUB_KZT,0.176816,false
2025-10-09,RUB_TJS,0.112298,false
2025-10-09,RUB_UZS,0.000785,false
2025-10-09,RUB_KGS,0.999648,false
2025-10-09,RUB_AMD,0.248436,false
2025-10-09,RUB_KZT,0.177829,false
2025-10-10,RUB_TJS,0.112379,false
2025-10-10,RUB_UZS,0.000779,false
2025-10-10,RUB_KGS,0.998613,false
2025-10-10,RUB_AMD,0.249364,false
2025-10-10,RUB_KZT,0.178627,false
2025-10-11,RUB_TJS,0.112379,true
2025-10-11,RUB_UZS,0.000779,true
2025-10-11,RUB_KGS,0.998613,true
2025-10-11,RUB_AMD,0.249364,true
2025-10-11,RUB_KZT,0.178627,true
2025-10-12,RUB_TJS,0.112379,true
2025-10-12,RUB_UZS,0.000779,true
2025-10-12,RUB_KGS,0.998613,true
2025-10-12,RUB_AMD,0.249364,true
2025-10-12,RUB_KZT,0.178627,true
2025-10-13,RUB_TJS,0.114146,false
2025-10-13,RUB_UZS,0.000766,false
2025-10-13,RUB_KGS,1.008786,false
2025-10-13,RUB_AMD,0.252421,false
2025-10-13,RUB_KZT,0.181576,false
2025-10-14,RUB_TJS,0.115250,false
2025-10-14,RUB_UZS,0.000760,false
2025-10-14,RUB_KGS,1.005758,false
2025-10-14,RUB_AMD,0.251568,false
2025-10-14,RUB_KZT,0.181993,false
2025-10-15,RUB_TJS,0.115314,false
2025-10-15,RUB_UZS,0.000759,false
2025-10-15,RUB_KGS,1.007299,false
2025-10-15,RUB_AMD,0.251772,false
2025-10-15,RUB_KZT,0.184170,false
2025-10-16,RUB_TJS,0.115202,false
2025-10-16,RUB_UZS,0.000752,false
2025-10-16,RUB_KGS,1.003518,false
2025-10-16,RUB_AMD,0.250530,false
2025-10-16,RUB_KZT,0.183878,false
2025-10-17,RUB_TJS,0.115805,false
2025-10-17,RUB_UZS,0.000754,false
2025-10-17,RUB_KGS,0.998767,false
2025-10-17,RUB_AMD,0.251328,false
2025-10-17,RUB_KZT,0.185666,false
2025-10-18,RUB_TJS,0.115805,true
2025-10-18,RUB_UZS,0.000754,true
2025-10-18,RUB_KGS,0.998767,true
2025-10-18,RUB_AMD,0.251328,true
2025-10-18,RUB_KZT,0.185666,true
2025-10-19,RUB_TJS,0.115805,true
2025-10-19,RUB_UZS,0.000754,true
2025-10-19,RUB_KGS,0.998767,true
2025-10-19,RUB_AMD,0.251328,true
2025-10-19,RUB_KZT,0.185666,true
2025-10-20,RUB_TJS,0.115078,false
2025-10-20,RUB_UZS,0.000755,false
2025-10-20,RUB_KGS,0.983050,false
2025-10-20,RUB_AMD,0.247315,false
2025-10-20,RUB_KZT,0.186809,false
2025-10-21,RUB_TJS,0.114683,false
2025-10-21,RUB_UZS,0.000753,false
2025-10-21,RUB_KGS,0.976332,false
2025-10-21,RUB_AMD,0.245054,false
2025-10-21,RUB_KZT,0.186002,false
2025-10-22,RUB_TJS,0.114023,false
2025-10-22,RUB_UZS,0.000759,false
2025-10-22,RUB_KGS,0.972985,false
2025-10-22,RUB_AMD,0.243870,false
2025-10-22,RUB_KZT,0.185729,false
2025-10-23,RUB_TJS,0.113064,false
2025-10-23,RUB_UZS,0.000760,false
2025-10-23,RUB_KGS,0.966097,false
2025-10-23,RUB_AMD,0.241970,false
2025-10-23,RUB_KZT,0.185827,false
2025-10-24,RUB_TJS,0.112568,false
2025-10-24,RUB_UZS,0.000764,false
2025-10-24,RUB_KGS,0.965047,false
2025-10-24,RUB_AMD,0.241690,false
2025-10-24,RUB_KZT,0.185074,false
2025-10-25,RUB_TJS,0.112568,true
2025-10-25,RUB_UZS,0.000764,true
2025-10-25,RUB_KGS,0.965047,true
2025-10-25,RUB_AMD,0.241690,true
2025-10-25,RUB_KZT,0.185074,true
2025-10-26,RUB_TJS,0.112568,true
2025-10-26,RUB_UZS,0.000764,true
2025-10-26,RUB_KGS,0.965047,true
2025-10-26,RUB_AMD,0.241690,true
2025-10-26,RUB_KZT,0.185074,true
2025-10-27,RUB_TJS,0.110649,false
2025-10-27,RUB_UZS,0.000779,false
2025-10-27,RUB_KGS,0.950665,false
2025-10-27,RUB_AMD,0.238079,false
2025-10-27,RUB_KZT,0.182022,false
2025-10-28,RUB_TJS,0.110509,false
2025-10-28,RUB_UZS,0.000783,false
2025-10-28,RUB_KGS,0.949715,false
2025-10-28,RUB_AMD,0.238409,false
2025-10-28,RUB_KZT,0.181385,false
2025-10-29,RUB_TJS,0.109985,false
2025-10-29,RUB_UZS,0.000789,false
2025-10-29,RUB_KGS,0.952587,false
2025-10-29,RUB_AMD,0.237891,false
2025-10-29,RUB_KZT,0.179876,false
2025-10-30,RUB_TJS,0.109745,false
2025-10-30,RUB_UZS,0.000789,false
2025-10-30,RUB_KGS,0.953874,false
2025-10-30,RUB_AMD,0.237326,false
2025-10-30,RUB_KZT,0.178868,false
2025-10-31,RUB_TJS,0.109428,false
2025-10-31,RUB_UZS,0.000796,false
2025-10-31,RUB_KGS,0.956821,false
2025-10-31,RUB_AMD,0.237828,false
2025-10-31,RUB_KZT,0.178402,false
2025-11-01,RUB_TJS,0.109428,true
2025-11-01,RUB_UZS,0.000796,true
2025-11-01,RUB_KGS,0.956821,true
2025-11-01,RUB_AMD,0.237828,true
2025-11-01,RUB_KZT,0.178402,true
2025-11-02,RUB_TJS,0.109428,true
2025-11-02,RUB_UZS,0.000796,true
2025-11-02,RUB_KGS,0.956821,true
2025-11-02,RUB_AMD,0.237828,true
2025-11-02,RUB_KZT,0.178402,true
2025-11-03,RUB_TJS,0.109559,false
2025-11-03,RUB_UZS,0.000787,false
2025-11-03,RUB_KGS,0.966493,false
2025-11-03,RUB_AMD,0.240748,false
2025-11-03,RUB_KZT,0.176066,false
2025-11-04,RUB_TJS,0.109456,false
2025-11-04,RUB_UZS,0.000786,false
2025-11-04,RUB_KGS,0.973634,false
2025-11-04,RUB_AMD,0.241682,false
2025-11-04,RUB_KZT,0.175251,false
2025-11-05,RUB_TJS,0.109850,false
2025-11-05,RUB_UZS,0.000785,false
2025-11-05,RUB_KGS,0.981488,false
2025-11-05,RUB_AMD,0.243985,false
2025-11-05,RUB_KZT,0.176639,false
2025-11-06,RUB_TJS,0.110501,false
2025-11-06,RUB_UZS,0.000780,false
2025-11-06,RUB_KGS,0.981597,false
2025-11-06,RUB_AMD,0.244526,false
2025-11-06,RUB_KZT,0.176311,false
2025-11-07,RUB_TJS,0.111084,false
2025-11-07,RUB_UZS,0.000781,false
2025-11-07,RUB_KGS,0.992672,false
2025-11-07,RUB_AMD,0.246942,false
2025-11-07,RUB_KZT,0.176198,false
2025-11-08,RUB_TJS,0.111084,true
2025-11-08,RUB_UZS,0.000781,true
2025-11-08,RUB_KGS,0.992672,true
2025-11-08,RUB_AMD,0.246942,true
2025-11-08,RUB_KZT,0.176198,true
2025-11-09,RUB_TJS,0.111084,true
2025-11-09,RUB_UZS,0.000781,true
2025-11-09,RUB_KGS,0.992672,true
2025-11-09,RUB_AMD,0.246942,true
2025-11-09,RUB_KZT,0.176198,true
2025-11-10,RUB_TJS,0.112844,false
2025-11-10,RUB_UZS,0.000762,false
2025-11-10,RUB_KGS,1.004014,false
2025-11-10,RUB_AMD,0.249411,false
2025-11-10,RUB_KZT,0.178219,false
2025-11-11,RUB_TJS,0.113896,false
2025-11-11,RUB_UZS,0.000763,false
2025-11-11,RUB_KGS,1.003109,false
2025-11-11,RUB_AMD,0.250231,false
2025-11-11,RUB_KZT,0.179272,false
2025-11-12,RUB_TJS,0.114512,false
2025-11-12,RUB_UZS,0.000757,false
2025-11-12,RUB_KGS,1.001567,false
2025-11-12,RUB_AMD,0.250868,false
2025-11-12,RUB_KZT,0.181063,false
2025-11-13,RUB_TJS,0.114440,false
2025-11-13,RUB_UZS,0.000750,false
2025-11-13,RUB_KGS,1.001425,false
2025-11-13,RUB_AMD,0.251841,false
2025-11-13,RUB_KZT,0.181465,false
2025-11-14,RUB_TJS,0.115348,false
2025-11-14,RUB_UZS,0.000748,false
2025-11-14,RUB_KGS,1.006239,false
2025-11-14,RUB_AMD,0.251793,false
2025-11-14,RUB_KZT,0.183340,false
2025-11-15,RUB_TJS,0.115348,true
2025-11-15,RUB_UZS,0.000748,true
2025-11-15,RUB_KGS,1.006239,true
2025-11-15,RUB_AMD,0.251793,true
2025-11-15,RUB_KZT,0.183340,true
2025-11-16,RUB_TJS,0.115348,true
2025-11-16,RUB_UZS,0.000748,true
2025-11-16,RUB_KGS,1.006239,true
2025-11-16,RUB_AMD,0.251793,true
2025-11-16,RUB_KZT,0.183340,true
2025-11-17,RUB_TJS,0.115505,false
2025-11-17,RUB_UZS,0.000744,false
2025-11-17,RUB_KGS,0.994472,false
2025-11-17,RUB_AMD,0.250134,false
2025-11-17,RUB_KZT,0.186386,false
2025-11-18,RUB_TJS,0.115447,false
2025-11-18,RUB_UZS,0.000746,false
2025-11-18,RUB_KGS,0.991426,false
2025-11-18,RUB_AMD,0.247968,false
2025-11-18,RUB_KZT,0.186628,false
2025-11-19,RUB_TJS,0.114734,false
2025-11-19,RUB_UZS,0.000742,false
2025-11-19,RUB_KGS,0.985596,false
2025-11-19,RUB_AMD,0.247121,false
2025-11-19,RUB_KZT,0.186810,false
2025-11-20,RUB_TJS,0.114749,false
2025-11-20,RUB_UZS,0.000744,false
2025-11-20,RUB_KGS,0.978151,false
2025-11-20,RUB_AMD,0.245533,false
2025-11-20,RUB_KZT,0.187229,false
2025-11-21,RUB_TJS,0.113553,false
2025-11-21,RUB_UZS,0.000751,false
2025-11-21,RUB_KGS,0.975629,false
2025-11-21,RUB_AMD,0.244379,false
2025-11-21,RUB_KZT,0.187123,false
2025-11-22,RUB_TJS,0.113553,true
2025-11-22,RUB_UZS,0.000751,true
2025-11-22,RUB_KGS,0.975629,true
2025-11-22,RUB_AMD,0.244379,true
2025-11-22,RUB_KZT,0.187123,true
2025-11-23,RUB_TJS,0.113553,true
2025-11-23,RUB_UZS,0.000751,true
2025-11-23,RUB_KGS,0.975629,true
2025-11-23,RUB_AMD,0.244379,true
2025-11-23,RUB_KZT,0.187123,true
2025-11-24,RUB_TJS,0.112139,false
2025-11-24,RUB_UZS,0.000759,false
2025-11-24,RUB_KGS,0.956502,false
2025-11-24,RUB_AMD,0.239767,false
2025-11-24,RUB_KZT,0.184822,false
2025-11-25,RUB_TJS,0.111353,false
2025-11-25,RUB_UZS,0.000765,false
2025-11-25,RUB_KGS,0.956261,false
2025-11-25,RUB_AMD,0.239994,false
2025-11-25,RUB_KZT,0.183786,false
2025-11-26,RUB_TJS,0.111243,false
2025-11-26,RUB_UZS,0.000773,false
2025-11-26,RUB_KGS,0.950000,false
2025-11-26,RUB_AMD,0.239541,false
2025-11-26,RUB_KZT,0.182550,false
2025-11-27,RUB_TJS,0.110427,false
2025-11-27,RUB_UZS,0.000776,false
2025-11-27,RUB_KGS,0.952292,false
2025-11-27,RUB_AMD,0.238570,false
2025-11-27,RUB_KZT,0.181722,false
2025-11-28,RUB_TJS,0.109923,false
2025-11-28,RUB_UZS,0.000777,false
2025-11-28,RUB_KGS,0.947787,false
2025-11-28,RUB_AMD,0.237410,false
2025-11-28,RUB_KZT,0.180991,false
2025-11-29,RUB_TJS,0.109923,true
2025-11-29,RUB_UZS,0.000777,true
2025-11-29,RUB_KGS,0.947787,true
2025-11-29,RUB_AMD,0.237410,true
2025-11-29,RUB_KZT,0.180991,true
2025-11-30,RUB_TJS,0.109923,true
2025-11-30,RUB_UZS,0.000777,true
2025-11-30,RUB_KGS,0.947787,true
2025-11-30,RUB_AMD,0.237410,true
2025-11-30,RUB_KZT,0.180991,true
2025-12-01,RUB_TJS,0.108971,false
2025-12-01,RUB_UZS,0.000785,false
2025-12-01,RUB_KGS,0.967652,false
2025-12-01,RUB_AMD,0.238856,false
2025-12-01,RUB_KZT,0.178126,false
2025-12-02,RUB_TJS,0.108839,false
2025-12-02,RUB_UZS,0.000792,false
2025-12-02,RUB_KGS,0.970912,false
2025-12-02,RUB_AMD,0.240056,false
2025-12-02,RUB_KZT,0.177643,false
2025-12-03,RUB_TJS,0.108963,false
2025-12-03,RUB_UZS,0.000789,false
2025-12-03,RUB_KGS,0.971495,false
2025-12-03,RUB_AMD,0.240518,false
2025-12-03,RUB_KZT,0.176203,false
2025-12-04,RUB_TJS,0.109316,false
2025-12-04,RUB_UZS,0.000790,false
2025-12-04,RUB_KGS,0.972077,false
2025-12-04,RUB_AMD,0.241909,false
2025-12-04,RUB_KZT,0.175841,false
2025-12-05,RUB_TJS,0.109875,false
2025-12-05,RUB_UZS,0.000790,false
2025-12-05,RUB_KGS,0.972660,false
2025-12-05,RUB_AMD,0.242750,false
2025-12-05,RUB_KZT,0.176402,false
2025-12-06,RUB_TJS,0.109875,true
2025-12-06,RUB_UZS,0.000790,true
2025-12-06,RUB_KGS,0.973242,true
2025-12-06,RUB_AMD,0.242750,true
2025-12-06,RUB_KZT,0.176402,true
2025-12-07,RUB_TJS,0.109875,true
2025-12-07,RUB_UZS,0.000790,true
2025-12-07,RUB_KGS,0.973825,true
2025-12-07,RUB_AMD,0.242750,true
2025-12-07,RUB_KZT,0.176402,true
2025-12-08,RUB_TJS,0.111756,false
2025-12-08,RUB_UZS,0.000779,false
2025-12-08,RUB_KGS,0.974407,false
2025-12-08,RUB_AMD,0.246694,false
2025-12-08,RUB_KZT,0.176765,false
2025-12-09,RUB_TJS,0.112120,false
2025-12-09,RUB_UZS,0.000771,false
2025-12-09,RUB_KGS,0.974990,false
2025-12-09,RUB_AMD,0.249269,false
2025-12-09,RUB_KZT,0.178352,false
2025-12-10,RUB_TJS,0.112323,false
2025-12-10,RUB_UZS,0.000770,false
2025-12-10,RUB_KGS,0.975572,false
2025-12-10,RUB_AMD,0.249575,false
2025-12-10,RUB_KZT,0.178770,false
2025-12-11,RUB_TJS,0.113440,false
2025-12-11,RUB_UZS,0.000764,false
2025-12-11,RUB_KGS,1.010267,false
2025-12-11,RUB_AMD,0.251253,false
2025-12-11,RUB_KZT,0.179097,false
2025-12-12,RUB_TJS,0.113426,false
2025-12-12,RUB_UZS,0.000756,false
2025-12-12,RUB_KGS,1.015233,false
2025-12-12,RUB_AMD,0.251123,false
2025-12-12,RUB_KZT,0.180420,false
2025-12-13,RUB_TJS,0.113426,true
2025-12-13,RUB_UZS,0.000756,true
2025-12-13,RUB_KGS,1.015233,true
2025-12-13,RUB_AMD,0.251123,true
2025-12-13,RUB_KZT,0.180420,true
2025-12-14,RUB_TJS,0.113426,true
2025-12-14,RUB_UZS,0.000756,true
2025-12-14,RUB_KGS,1.015233,true
2025-12-14,RUB_AMD,0.251123,true
2025-12-14,RUB_KZT,0.180420,true
2025-12-15,RUB_TJS,0.114937,false
2025-12-15,RUB_UZS,0.000746,false
2025-12-15,RUB_KGS,1.014332,false
2025-12-15,RUB_AMD,0.250828,false
2025-12-15,RUB_KZT,0.184070,false
2025-12-16,RUB_TJS,0.115564,false
2025-12-16,RUB_UZS,0.000746,false
2025-12-16,RUB_KGS,1.008395,false
2025-12-16,RUB_AMD,0.251248,false
2025-12-16,RUB_KZT,0.184811,false
2025-12-17,RUB_TJS,0.114922,false
2025-12-17,RUB_UZS,0.000743,false
2025-12-17,RUB_KGS,1.002374,false
2025-12-17,RUB_AMD,0.249631,false
2025-12-17,RUB_KZT,0.185062,false
2025-12-18,RUB_TJS,0.114745,false
2025-12-18,RUB_UZS,0.000747,false
2025-12-18,RUB_KGS,1.001518,false
2025-12-18,RUB_AMD,0.248045,false
2025-12-18,RUB_KZT,0.186699,false
2025-12-19,RUB_TJS,0.114830,false
2025-12-19,RUB_UZS,0.000742,false
2025-12-19,RUB_KGS,0.997276,false
2025-12-19,RUB_AMD,0.247972,false
2025-12-19,RUB_KZT,0.186337,false
2025-12-20,RUB_TJS,0.114830,true
2025-12-20,RUB_UZS,0.000742,true
2025-12-20,RUB_KGS,0.997276,true
2025-12-20,RUB_AMD,0.247972,true
2025-12-20,RUB_KZT,0.186337,true
2025-12-21,RUB_TJS,0.114830,true
2025-12-21,RUB_UZS,0.000742,true
2025-12-21,RUB_KGS,0.997276,true
2025-12-21,RUB_AMD,0.247972,true
2025-12-21,RUB_KZT,0.186337,true
2025-12-22,RUB_TJS,0.113691,false
2025-12-22,RUB_UZS,0.000749,false
2025-12-22,RUB_KGS,0.980117,false
2025-12-22,RUB_AMD,0.242690,false
2025-12-22,RUB_KZT,0.186970,false
2025-12-23,RUB_TJS,0.113257,false
2025-12-23,RUB_UZS,0.000755,false
2025-12-23,RUB_KGS,0.973185,false
2025-12-23,RUB_AMD,0.242685,false
2025-12-23,RUB_KZT,0.186681,false
2025-12-24,RUB_TJS,0.111889,false
2025-12-24,RUB_UZS,0.000762,false
2025-12-24,RUB_KGS,0.966479,false
2025-12-24,RUB_AMD,0.239855,false
2025-12-24,RUB_KZT,0.185605,false
2025-12-25,RUB_TJS,0.111430,false
2025-12-25,RUB_UZS,0.000767,false
2025-12-25,RUB_KGS,0.966819,false
2025-12-25,RUB_AMD,0.240428,false
2025-12-25,RUB_KZT,0.184984,false
2025-12-26,RUB_TJS,0.111241,false
2025-12-26,RUB_UZS,0.000769,false
2025-12-26,RUB_KGS,0.962046,false
2025-12-26,RUB_AMD,0.238535,false
2025-12-26,RUB_KZT,0.184025,false
2025-12-27,RUB_TJS,0.111241,true
2025-12-27,RUB_UZS,0.000769,true
2025-12-27,RUB_KGS,0.962046,true
2025-12-27,RUB_AMD,0.238535,true
2025-12-27,RUB_KZT,0.184025,true
2025-12-28,RUB_TJS,0.111241,true
2025-12-28,RUB_UZS,0.000769,true
2025-12-28,RUB_KGS,0.962046,true
2025-12-28,RUB_AMD,0.238535,true
2025-12-28,RUB_KZT,0.184025,true
2025-12-29,RUB_TJS,0.109397,false
2025-12-29,RUB_UZS,0.000782,false
2025-12-29,RUB_KGS,0.959343,false
2025-12-29,RUB_AMD,0.236980,false
2025-12-29,RUB_KZT,0.180714,false
2025-12-30,RUB_TJS,0.109389,false
2025-12-30,RUB_UZS,0.000784,false
2025-12-30,RUB_KGS,0.963308,false
2025-12-30,RUB_AMD,0.238060,false
2025-12-30,RUB_KZT,0.178581,false
2025-12-31,RUB_TJS,0.108615,false
2025-12-31,RUB_UZS,0.000790,false
2025-12-31,RUB_KGS,0.960901,false
2025-12-31,RUB_AMD,0.238841,false
2025-12-31,RUB_KZT,0.178126,false
2026-01-01,RUB_TJS,0.109200,false
2026-01-01,RUB_UZS,0.000792,false
2026-01-01,RUB_KGS,0.956372,false
2026-01-01,RUB_AMD,0.239063,false
2026-01-01,RUB_KZT,0.178259,false
2026-01-02,RUB_TJS,0.108757,false
2026-01-02,RUB_UZS,0.000791,false
2026-01-02,RUB_KGS,0.955213,false
2026-01-02,RUB_AMD,0.240259,false
2026-01-02,RUB_KZT,0.176544,false
2026-01-03,RUB_TJS,0.108757,true
2026-01-03,RUB_UZS,0.000791,true
2026-01-03,RUB_KGS,0.955213,true
2026-01-03,RUB_AMD,0.240259,true
2026-01-03,RUB_KZT,0.176544,true
2026-01-04,RUB_TJS,0.108757,true
2026-01-04,RUB_UZS,0.000791,true
2026-01-04,RUB_KGS,0.955213,true
2026-01-04,RUB_AMD,0.240259,true
2026-01-04,RUB_KZT,0.176544,true
2026-01-05,RUB_TJS,0.109635,false
2026-01-05,RUB_UZS,0.000785,false
2026-01-05,RUB_KGS,0.972694,false
2026-01-05,RUB_AMD,0.244483,false
2026-01-05,RUB_KZT,0.176703,false
2026-01-06,RUB_TJS,0.110718,false
2026-01-06,RUB_UZS,0.000786,false
2026-01-06,RUB_KGS,0.981726,false
2026-01-06,RUB_AMD,0.245479,false
2026-01-06,RUB_KZT,0.176033,false
2026-01-07,RUB_TJS,0.110546,false
2026-01-07,RUB_UZS,0.000778,false
2026-01-07,RUB_KGS,0.985061,false
2026-01-07,RUB_AMD,0.246462,false
2026-01-07,RUB_KZT,0.177205,false
2026-01-08,RUB_TJS,0.111849,false
2026-01-08,RUB_UZS,0.000779,false
2026-01-08,RUB_KGS,0.991237,false
2026-01-08,RUB_AMD,0.248126,false
2026-01-08,RUB_KZT,0.177832,false
2026-01-09,RUB_TJS,0.112109,false
2026-01-09,RUB_UZS,0.000769,false
2026-01-09,RUB_KGS,0.997163,false
2026-01-09,RUB_AMD,0.249613,false
2026-01-09,RUB_KZT,0.178339,false
2026-01-10,RUB_TJS,0.112109,true
2026-01-10,RUB_UZS,0.000769,true
2026-01-10,RUB_KGS,0.997163,true
2026-01-10,RUB_AMD,0.249613,true
2026-01-10,RUB_KZT,0.178339,true
2026-01-11,RUB_TJS,0.112109,true
2026-01-11,RUB_UZS,0.000769,true
2026-01-11,RUB_KGS,0.997163,true
2026-01-11,RUB_AMD,0.249613,true
2026-01-11,RUB_KZT,0.178339,true
2026-01-12,RUB_TJS,0.114105,false
2026-01-12,RUB_UZS,0.000758,false
2026-01-12,RUB_KGS,1.002415,false
2026-01-12,RUB_AMD,0.251527,false
2026-01-12,RUB_KZT,0.182059,false
2026-01-13,RUB_TJS,0.113978,false
2026-01-13,RUB_UZS,0.000753,false
2026-01-13,RUB_KGS,1.001433,false
2026-01-13,RUB_AMD,0.251408,false
2026-01-13,RUB_KZT,0.182941,false
2026-01-14,RUB_TJS,0.115043,false
2026-01-14,RUB_UZS,0.000751,false
2026-01-14,RUB_KGS,0.999018,false
2026-01-14,RUB_AMD,0.250761,false
2026-01-14,RUB_KZT,0.183664,false
2026-01-15,RUB_TJS,0.115270,false
2026-01-15,RUB_UZS,0.000748,false
2026-01-15,RUB_KGS,0.995636,false
2026-01-15,RUB_AMD,0.249691,false
2026-01-15,RUB_KZT,0.184223,false
2026-01-16,RUB_TJS,0.114722,false
2026-01-16,RUB_UZS,0.000748,false
2026-01-16,RUB_KGS,0.989775,false
2026-01-16,RUB_AMD,0.249561,false
2026-01-16,RUB_KZT,0.186282,false
2026-01-17,RUB_TJS,0.114722,true
2026-01-17,RUB_UZS,0.000748,true
2026-01-17,RUB_KGS,0.989775,true
2026-01-17,RUB_AMD,0.249561,true
2026-01-17,RUB_KZT,0.186282,true
2026-01-18,RUB_TJS,0.114722,true
2026-01-18,RUB_UZS,0.000748,true
2026-01-18,RUB_KGS,0.989775,true
2026-01-18,RUB_AMD,0.249561,true
2026-01-18,RUB_KZT,0.186282,true
2026-01-19,RUB_TJS,0.114113,false
2026-01-19,RUB_UZS,0.000745,false
2026-01-19,RUB_KGS,0.974394,false
2026-01-19,RUB_AMD,0.246545,false
2026-01-19,RUB_KZT,0.187780,false
2026-01-20,RUB_TJS,0.114304,false
2026-01-20,RUB_UZS,0.000749,false
2026-01-20,RUB_KGS,0.969275,false
2026-01-20,RUB_AMD,0.244224,false
2026-01-20,RUB_KZT,0.187619,false
2026-01-21,RUB_TJS,0.113117,false
2026-01-21,RUB_UZS,0.000749,false
2026-01-21,RUB_KGS,0.967194,false
2026-01-21,RUB_AMD,0.243263,false
2026-01-21,RUB_KZT,0.186704,false
2026-01-22,RUB_TJS,0.112492,false
2026-01-22,RUB_UZS,0.000758,false
2026-01-22,RUB_KGS,0.964564,false
2026-01-22,RUB_AMD,0.243046,false
2026-01-22,RUB_KZT,0.186971,false
2026-01-23,RUB_TJS,0.112032,false
2026-01-23,RUB_UZS,0.000760,false
2026-01-23,RUB_KGS,0.953214,false
2026-01-23,RUB_AMD,0.241245,false
2026-01-23,RUB_KZT,0.186489,false
2026-01-24,RUB_TJS,0.112032,true
2026-01-24,RUB_UZS,0.000760,true
2026-01-24,RUB_KGS,0.953214,true
2026-01-24,RUB_AMD,0.241245,true
2026-01-24,RUB_KZT,0.186489,true
2026-01-25,RUB_TJS,0.112032,true
2026-01-25,RUB_UZS,0.000760,true
2026-01-25,RUB_KGS,0.953214,true
2026-01-25,RUB_AMD,0.241245,true
2026-01-25,RUB_KZT,0.186489,true
2026-01-26,RUB_TJS,0.110612,false
2026-01-26,RUB_UZS,0.000773,false
2026-01-26,RUB_KGS,0.945636,false
2026-01-26,RUB_AMD,0.238194,false
2026-01-26,RUB_KZT,0.183069,false
2026-01-27,RUB_TJS,0.109838,false
2026-01-27,RUB_UZS,0.000778,false
2026-01-27,RUB_KGS,0.945380,false
2026-01-27,RUB_AMD,0.238090,false
2026-01-27,RUB_KZT,0.182362,false
2026-01-28,RUB_TJS,0.109139,false
2026-01-28,RUB_UZS,0.000785,false
2026-01-28,RUB_KGS,0.941787,false
2026-01-28,RUB_AMD,0.236653,false
2026-01-28,RUB_KZT,0.180921,false
2026-01-29,RUB_TJS,0.108504,false
2026-01-29,RUB_UZS,0.000785,false
2026-01-29,RUB_KGS,0.942803,false
2026-01-29,RUB_AMD,0.236211,false
2026-01-29,RUB_KZT,0.179702,false
2026-01-30,RUB_TJS,0.108979,false
2026-01-30,RUB_UZS,0.000788,false
2026-01-30,RUB_KGS,0.945470,false
2026-01-30,RUB_AMD,0.236691,false
2026-01-30,RUB_KZT,0.178344,false
2026-01-31,RUB_TJS,0.108979,true
2026-01-31,RUB_UZS,0.000788,true
2026-01-31,RUB_KGS,0.945470,true
2026-01-31,RUB_AMD,0.236691,true
2026-01-31,RUB_KZT,0.178344,true
2026-02-01,RUB_TJS,0.108979,true
2026-02-01,RUB_UZS,0.000788,true
2026-02-01,RUB_KGS,0.945470,true
2026-02-01,RUB_AMD,0.236691,true
2026-02-01,RUB_KZT,0.178344,true
2026-02-02,RUB_TJS,0.108459,false
2026-02-02,RUB_UZS,0.000791,false
2026-02-02,RUB_KGS,0.956621,false
2026-02-02,RUB_AMD,0.239675,false
2026-02-02,RUB_KZT,0.176770,false
2026-02-03,RUB_TJS,0.109382,false
2026-02-03,RUB_UZS,0.000790,false
2026-02-03,RUB_KGS,0.960128,false
2026-02-03,RUB_AMD,0.240763,false
2026-02-03,RUB_KZT,0.176253,false
2026-02-04,RUB_TJS,0.109572,false
2026-02-04,RUB_UZS,0.000790,false
2026-02-04,RUB_KGS,0.972116,false
2026-02-04,RUB_AMD,0.243433,false
2026-02-04,RUB_KZT,0.177324,false
2026-02-05,RUB_TJS,0.109703,false
2026-02-05,RUB_UZS,0.000785,false
2026-02-05,RUB_KGS,0.970754,false
2026-02-05,RUB_AMD,0.245027,false
2026-02-05,RUB_KZT,0.176616,false
2026-02-06,RUB_TJS,0.110238,false
2026-02-06,RUB_UZS,0.000781,false
2026-02-06,RUB_KGS,0.978589,false
2026-02-06,RUB_AMD,0.244649,false
2026-02-06,RUB_KZT,0.177564,false
2026-02-07,RUB_TJS,0.110238,true
2026-02-07,RUB_UZS,0.000781,true
2026-02-07,RUB_KGS,0.978589,true
2026-02-07,RUB_AMD,0.244649,true
2026-02-07,RUB_KZT,0.177564,true
2026-02-08,RUB_TJS,0.110238,true
2026-02-08,RUB_UZS,0.000781,true
2026-02-08,RUB_KGS,0.978589,true
2026-02-08,RUB_AMD,0.244649,true
2026-02-08,RUB_KZT,0.177564,true
2026-02-09,RUB_TJS,0.111862,false
2026-02-09,RUB_UZS,0.000774,false
2026-02-09,RUB_KGS,0.994838,false
2026-02-09,RUB_AMD,0.249199,false
2026-02-09,RUB_KZT,0.179551,false
2026-02-10,RUB_TJS,0.112981,false
2026-02-10,RUB_UZS,0.000765,false
2026-02-10,RUB_KGS,0.994812,false
2026-02-10,RUB_AMD,0.248973,false
2026-02-10,RUB_KZT,0.180547,false
2026-02-11,RUB_TJS,0.113607,false
2026-02-11,RUB_UZS,0.000761,false
2026-02-11,RUB_KGS,0.992525,false
2026-02-11,RUB_AMD,0.251300,false
2026-02-11,RUB_KZT,0.181893,false
2026-02-12,RUB_TJS,0.113790,false
2026-02-12,RUB_UZS,0.000758,false
2026-02-12,RUB_KGS,0.995901,false
2026-02-12,RUB_AMD,0.250915,false
2026-02-12,RUB_KZT,0.182899,false
2026-02-13,RUB_TJS,0.113847,false
2026-02-13,RUB_UZS,0.000757,false
2026-02-13,RUB_KGS,0.995555,false
2026-02-13,RUB_AMD,0.249832,false
2026-02-13,RUB_KZT,0.184340,false
2026-02-14,RUB_TJS,0.113847,true
2026-02-14,RUB_UZS,0.000757,true
2026-02-14,RUB_KGS,0.995555,true
2026-02-14,RUB_AMD,0.249832,true
2026-02-14,RUB_KZT,0.184340,true
2026-02-15,RUB_TJS,0.113847,true
2026-02-15,RUB_UZS,0.000757,true
2026-02-15,RUB_KGS,0.995555,true
2026-02-15,RUB_AMD,0.249832,true
2026-02-15,RUB_KZT,0.184340,true
2026-02-16,RUB_TJS,0.114586,false
2026-02-16,RUB_UZS,0.000746,false
2026-02-16,RUB_KGS,0.988267,false
2026-02-16,RUB_AMD,0.248759,false
2026-02-16,RUB_KZT,0.186860,false
2026-02-17,RUB_TJS,0.114359,false
2026-02-17,RUB_UZS,0.000747,false
2026-02-17,RUB_KGS,0.983095,false
2026-02-17,RUB_AMD,0.248729,false
2026-02-17,RUB_KZT,0.187007,false
2026-02-18,RUB_TJS,0.114191,false
2026-02-18,RUB_UZS,0.000748,false
2026-02-18,RUB_KGS,0.978957,false
2026-02-18,RUB_AMD,0.246079,false
2026-02-18,RUB_KZT,0.186954,false
2026-02-19,RUB_TJS,0.113954,false
2026-02-19,RUB_UZS,0.000751,false
2026-02-19,RUB_KGS,0.968777,false
2026-02-19,RUB_AMD,0.245907,false
2026-02-19,RUB_KZT,0.186811,false
2026-02-20,RUB_TJS,0.113589,false
2026-02-20,RUB_UZS,0.000751,false
2026-02-20,RUB_KGS,0.968203,false
2026-02-20,RUB_AMD,0.244419,false
2026-02-20,RUB_KZT,0.187765,false
2026-02-21,RUB_TJS,0.113589,true
2026-02-21,RUB_UZS,0.000751,true
2026-02-21,RUB_KGS,0.968203,true
2026-02-21,RUB_AMD,0.244419,true
2026-02-21,RUB_KZT,0.187765,true
2026-02-22,RUB_TJS,0.113589,true
2026-02-22,RUB_UZS,0.000751,true
2026-02-22,RUB_KGS,0.968203,true
2026-02-22,RUB_AMD,0.244419,true
2026-02-22,RUB_KZT,0.187765,true
2026-02-23,RUB_TJS,0.111388,false
2026-02-23,RUB_UZS,0.000762,false
2026-02-23,RUB_KGS,0.949408,false
2026-02-23,RUB_AMD,0.239478,false
2026-02-23,RUB_KZT,0.185758,false
2026-02-24,RUB_TJS,0.110686,false
2026-02-24,RUB_UZS,0.000770,false
2026-02-24,RUB_KGS,0.943626,false
2026-02-24,RUB_AMD,0.238313,false
2026-02-24,RUB_KZT,0.185577,false
2026-02-25,RUB_TJS,0.109843,false
2026-02-25,RUB_UZS,0.000777,false
2026-02-25,RUB_KGS,0.942434,false
2026-02-25,RUB_AMD,0.238597,false
2026-02-25,RUB_KZT,0.184069,false
2026-02-26,RUB_TJS,0.109269,false
2026-02-26,RUB_UZS,0.000780,false
2026-02-26,RUB_KGS,0.940961,false
2026-02-26,RUB_AMD,0.236380,false
2026-02-26,RUB_KZT,0.182595,false
2026-02-27,RUB_TJS,0.109409,false
2026-02-27,RUB_UZS,0.000785,false
2026-02-27,RUB_KGS,0.938211,false
2026-02-27,RUB_AMD,0.237157,false
2026-02-27,RUB_KZT,0.181135,false
2026-02-28,RUB_TJS,0.109409,true
2026-02-28,RUB_UZS,0.000785,true
2026-02-28,RUB_KGS,0.938211,true
2026-02-28,RUB_AMD,0.237157,true
2026-02-28,RUB_KZT,0.181135,true
2026-03-01,RUB_TJS,0.109409,true
2026-03-01,RUB_UZS,0.000785,true
2026-03-01,RUB_KGS,0.938211,true
2026-03-01,RUB_AMD,0.237157,true
2026-03-01,RUB_KZT,0.181135,true
2026-03-02,RUB_TJS,0.108044,false
2026-03-02,RUB_UZS,0.000795,false
2026-03-02,RUB_KGS,0.947915,false
2026-03-02,RUB_AMD,0.237123,false
2026-03-02,RUB_KZT,0.178830,false
2026-03-03,RUB_TJS,0.107827,false
2026-03-03,RUB_UZS,0.000796,false
2026-03-03,RUB_KGS,0.950038,false
2026-03-03,RUB_AMD,0.238085,false
2026-03-03,RUB_KZT,0.178479,false
2026-03-04,RUB_TJS,0.107888,false
2026-03-04,RUB_UZS,0.000795,false
2026-03-04,RUB_KGS,0.954045,false
2026-03-04,RUB_AMD,0.239794,false
2026-03-04,RUB_KZT,0.177395,false
2026-03-05,RUB_TJS,0.108400,false
2026-03-05,RUB_UZS,0.000794,false
2026-03-05,RUB_KGS,0.954623,false
2026-03-05,RUB_AMD,0.240777,false
2026-03-05,RUB_KZT,0.176581,false
2026-03-06,RUB_TJS,0.109057,false
2026-03-06,RUB_UZS,0.000792,false
2026-03-06,RUB_KGS,0.965703,false
2026-03-06,RUB_AMD,0.242040,false
2026-03-06,RUB_KZT,0.176827,false
2026-03-07,RUB_TJS,0.109057,true
2026-03-07,RUB_UZS,0.000788,true
2026-03-07,RUB_KGS,0.965703,true
2026-03-07,RUB_AMD,0.242040,true
2026-03-07,RUB_KZT,0.176827,true
2026-03-08,RUB_TJS,0.109057,true
2026-03-08,RUB_UZS,0.000785,true
2026-03-08,RUB_KGS,0.965703,true
2026-03-08,RUB_AMD,0.242040,true
2026-03-08,RUB_KZT,0.176827,true
2026-03-09,RUB_TJS,0.110339,false
2026-03-09,RUB_UZS,0.000781,false
2026-03-09,RUB_KGS,0.977186,false
2026-03-09,RUB_AMD,0.244914,false
2026-03-09,RUB_KZT,0.177713,false
2026-03-10,RUB_TJS,0.111205,false
2026-03-10,RUB_UZS,0.000778,false
2026-03-10,RUB_KGS,0.981066,false
2026-03-10,RUB_AMD,0.247029,false
2026-03-10,RUB_KZT,0.179015,false
2026-03-11,RUB_TJS,0.111756,false
2026-03-11,RUB_UZS,0.000774,false
2026-03-11,RUB_KGS,0.987182,false
2026-03-11,RUB_AMD,0.248558,false
2026-03-11,RUB_KZT,0.179475,false
2026-03-12,RUB_TJS,0.112087,false
2026-03-12,RUB_UZS,0.000771,false
2026-03-12,RUB_KGS,0.993090,false
2026-03-12,RUB_AMD,0.249210,false
2026-03-12,RUB_KZT,0.179725,false
2026-03-13,RUB_TJS,0.112477,false
2026-03-13,RUB_UZS,0.000767,false
2026-03-13,RUB_KGS,0.992905,false
2026-03-13,RUB_AMD,0.249095,false
2026-03-13,RUB_KZT,0.181991,false
2026-03-14,RUB_TJS,0.112477,true
2026-03-14,RUB_UZS,0.000767,true
2026-03-14,RUB_KGS,0.992905,true
2026-03-14,RUB_AMD,0.249095,true
2026-03-14,RUB_KZT,0.181991,true
2026-03-15,RUB_TJS,0.112477,true
2026-03-15,RUB_UZS,0.000767,true
2026-03-15,RUB_KGS,0.992905,true
2026-03-15,RUB_AMD,0.249095,true
2026-03-15,RUB_KZT,0.181991,true
2026-03-16,RUB_TJS,0.114367,false
2026-03-16,RUB_UZS,0.000753,false
2026-03-16,RUB_KGS,0.990904,false
2026-03-16,RUB_AMD,0.250614,false
2026-03-16,RUB_KZT,0.184144,false
2026-03-17,RUB_TJS,0.114281,false
2026-03-17,RUB_UZS,0.000754,false
2026-03-17,RUB_KGS,0.985992,false
2026-03-17,RUB_AMD,0.250523,false
2026-03-17,RUB_KZT,0.186370,false
2026-03-18,RUB_TJS,0.114520,false
2026-03-18,RUB_UZS,0.000752,false
2026-03-18,RUB_KGS,0.985621,false
2026-03-18,RUB_AMD,0.248569,false
2026-03-18,RUB_KZT,0.186144,false
2026-03-19,RUB_TJS,0.114020,false
2026-03-19,RUB_UZS,0.000749,false
2026-03-19,RUB_KGS,0.981266,false
2026-03-19,RUB_AMD,0.247532,false
2026-03-19,RUB_KZT,0.187818,false
2026-03-20,RUB_TJS,0.114086,false
2026-03-20,RUB_UZS,0.000749,false
2026-03-20,RUB_KGS,0.973594,false
2026-03-20,RUB_AMD,0.246268,false
2026-03-20,RUB_KZT,0.187389,false
2026-03-21,RUB_TJS,0.114086,true
2026-03-21,RUB_UZS,0.000749,true
2026-03-21,RUB_KGS,0.973594,true
2026-03-21,RUB_AMD,0.246268,true
2026-03-21,RUB_KZT,0.187389,true
2026-03-22,RUB_TJS,0.114086,true
2026-03-22,RUB_UZS,0.000749,true
2026-03-22,RUB_KGS,0.973594,true
2026-03-22,RUB_AMD,0.246268,true
2026-03-22,RUB_KZT,0.187389,true
2026-03-23,RUB_TJS,0.112674,false
2026-03-23,RUB_UZS,0.000758,false
2026-03-23,RUB_KGS,0.957540,false
2026-03-23,RUB_AMD,0.242937,false
2026-03-23,RUB_KZT,0.187998,false
2026-03-24,RUB_TJS,0.111738,false
2026-03-24,RUB_UZS,0.000760,false
2026-03-24,RUB_KGS,0.951512,false
2026-03-24,RUB_AMD,0.240235,false
2026-03-24,RUB_KZT,0.187655,false
2026-03-25,RUB_TJS,0.111830,false
2026-03-25,RUB_UZS,0.000765,false
2026-03-25,RUB_KGS,0.949209,false
2026-03-25,RUB_AMD,0.240037,false
2026-03-25,RUB_KZT,0.186131,false
2026-03-26,RUB_TJS,0.110497,false
2026-03-26,RUB_UZS,0.000770,false
2026-03-26,RUB_KGS,0.946116,false
2026-03-26,RUB_AMD,0.239099,false
2026-03-26,RUB_KZT,0.185818,false
2026-03-27,RUB_TJS,0.109967,false
2026-03-27,RUB_UZS,0.000774,false
2026-03-27,RUB_KGS,0.937657,false
2026-03-27,RUB_AMD,0.237982,false
2026-03-27,RUB_KZT,0.184258,false
2026-03-28,RUB_TJS,0.109967,true
2026-03-28,RUB_UZS,0.000774,true
2026-03-28,RUB_KGS,0.937657,true
2026-03-28,RUB_AMD,0.237982,true
2026-03-28,RUB_KZT,0.184258,true
2026-03-29,RUB_TJS,0.109967,true
2026-03-29,RUB_UZS,0.000774,true
2026-03-29,RUB_KGS,0.937657,true
2026-03-29,RUB_AMD,0.237982,true
2026-03-29,RUB_KZT,0.184258,true
2026-03-30,RUB_TJS,0.108863,false
2026-03-30,RUB_UZS,0.000785,false
2026-03-30,RUB_KGS,0.934595,false
2026-03-30,RUB_AMD,0.235704,false
2026-03-30,RUB_KZT,0.181336,false
2026-03-31,RUB_TJS,0.108163,false
2026-03-31,RUB_UZS,0.000790,false
2026-03-31,RUB_KGS,0.937310,false
2026-03-31,RUB_AMD,0.236460,false
2026-03-31,RUB_KZT,0.180260,false
2026-04-01,RUB_TJS,0.108053,false
2026-04-01,RUB_UZS,0.000796,false
2026-04-01,RUB_KGS,0.939919,false
2026-04-01,RUB_AMD,0.237122,false
2026-04-01,RUB_KZT,0.179616,false
2026-04-02,RUB_TJS,0.108170,false
2026-04-02,RUB_UZS,0.000794,false
2026-04-02,RUB_KGS,0.945387,false
2026-04-02,RUB_AMD,0.236715,false
2026-04-02,RUB_KZT,0.178626,false
2026-04-03,RUB_TJS,0.107725,false
2026-04-03,RUB_UZS,0.000798,false
2026-04-03,RUB_KGS,0.942600,false
2026-04-03,RUB_AMD,0.238806,false
2026-04-03,RUB_KZT,0.178289,false
2026-04-04,RUB_TJS,0.107725,true
2026-04-04,RUB_UZS,0.000798,true
2026-04-04,RUB_KGS,0.942600,true
2026-04-04,RUB_AMD,0.238806,true
2026-04-04,RUB_KZT,0.178289,true
2026-04-05,RUB_TJS,0.107725,true
2026-04-05,RUB_UZS,0.000798,true
2026-04-05,RUB_KGS,0.942600,true
2026-04-05,RUB_AMD,0.238806,true
2026-04-05,RUB_KZT,0.178289,true
2026-04-06,RUB_TJS,0.109130,false
2026-04-06,RUB_UZS,0.000795,false
2026-04-06,RUB_KGS,0.961723,false
2026-04-06,RUB_AMD,0.242824,false
2026-04-06,RUB_KZT,0.177795,false
2026-04-07,RUB_TJS,0.109355,false
2026-04-07,RUB_UZS,0.000793,false
2026-04-07,RUB_KGS,0.967302,false
2026-04-07,RUB_AMD,0.243825,false
2026-04-07,RUB_KZT,0.177878,false
2026-04-08,RUB_TJS,0.109803,false
2026-04-08,RUB_UZS,0.000790,false
2026-04-08,RUB_KGS,0.973763,false
2026-04-08,RUB_AMD,0.244944,false
2026-04-08,RUB_KZT,0.177527,false
2026-04-09,RUB_TJS,0.110273,false
2026-04-09,RUB_UZS,0.000782,false
2026-04-09,RUB_KGS,0.979183,false
2026-04-09,RUB_AMD,0.246373,false
2026-04-09,RUB_KZT,0.179384,false
2026-04-10,RUB_TJS,0.111419,false
2026-04-10,RUB_UZS,0.000782,false
2026-04-10,RUB_KGS,0.981961,false
2026-04-10,RUB_AMD,0.248052,false
2026-04-10,RUB_KZT,0.178999,false
2026-04-11,RUB_TJS,0.111419,true
2026-04-11,RUB_UZS,0.000782,true
2026-04-11,RUB_KGS,0.981961,true
2026-04-11,RUB_AMD,0.248052,true
2026-04-11,RUB_KZT,0.178999,true
2026-04-12,RUB_TJS,0.111419,true
2026-04-12,RUB_UZS,0.000782,true
2026-04-12,RUB_KGS,0.981961,true
2026-04-12,RUB_AMD,0.248052,true
2026-04-12,RUB_KZT,0.178999,true
2026-04-13,RUB_TJS,0.112861,false
2026-04-13,RUB_UZS,0.000764,false
2026-04-13,RUB_KGS,0.985391,false
2026-04-13,RUB_AMD,0.249503,false
2026-04-13,RUB_KZT,0.182354,false
2026-04-14,RUB_TJS,0.113093,false
2026-04-14,RUB_UZS,0.000764,false
2026-04-14,RUB_KGS,0.988308,false
2026-04-14,RUB_AMD,0.249884,false
2026-04-14,RUB_KZT,0.184071,false
2026-04-15,RUB_TJS,0.113525,false
2026-04-15,RUB_UZS,0.000757,false
2026-04-15,RUB_KGS,0.983223,false
2026-04-15,RUB_AMD,0.250059,false
2026-04-15,RUB_KZT,0.184075,false
2026-04-16,RUB_TJS,0.113905,false
2026-04-16,RUB_UZS,0.000756,false
2026-04-16,RUB_KGS,0.983571,false
2026-04-16,RUB_AMD,0.249916,false
2026-04-16,RUB_KZT,0.186435,false
2026-04-17,RUB_TJS,0.113830,false
2026-04-17,RUB_UZS,0.000760,false
2026-04-17,RUB_KGS,0.983317,false
2026-04-17,RUB_AMD,0.248496,false
2026-04-17,RUB_KZT,0.186239,false
2026-04-18,RUB_TJS,0.113830,true
2026-04-18,RUB_UZS,0.000764,true
2026-04-18,RUB_KGS,0.983317,true
2026-04-18,RUB_AMD,0.248496,true
2026-04-18,RUB_KZT,0.186239,true
2026-04-19,RUB_TJS,0.113830,true
2026-04-19,RUB_UZS,0.000767,true
2026-04-19,RUB_KGS,0.983317,true
2026-04-19,RUB_AMD,0.248496,true
2026-04-19,RUB_KZT,0.186239,true
2026-04-20,RUB_TJS,0.113097,false
2026-04-20,RUB_UZS,0.000771,false
2026-04-20,RUB_KGS,0.968877,false
2026-04-20,RUB_AMD,0.244808,false
2026-04-20,RUB_KZT,0.188337,false
2026-04-21,RUB_TJS,0.112674,false
2026-04-21,RUB_UZS,0.000775,false
2026-04-21,RUB_KGS,0.959144,false
2026-04-21,RUB_AMD,0.244667,false
2026-04-21,RUB_KZT,0.188569,false
2026-04-22,RUB_TJS,0.112442,false
2026-04-22,RUB_UZS,0.000779,false
2026-04-22,RUB_KGS,0.954560,false
2026-04-22,RUB_AMD,0.241758,false
2026-04-22,RUB_KZT,0.188481,false
2026-04-23,RUB_TJS,0.112140,false
2026-04-23,RUB_UZS,0.000764,false
2026-04-23,RUB_KGS,0.950002,false
2026-04-23,RUB_AMD,0.241319,false
2026-04-23,RUB_KZT,0.187609,false
2026-04-24,RUB_TJS,0.111119,false
2026-04-24,RUB_UZS,0.000765,false
2026-04-24,RUB_KGS,0.943609,false
2026-04-24,RUB_AMD,0.239650,false
2026-04-24,RUB_KZT,0.187560,false
2026-04-25,RUB_TJS,0.111119,true
2026-04-25,RUB_UZS,0.000765,true
2026-04-25,RUB_KGS,0.943609,true
2026-04-25,RUB_AMD,0.239650,true
2026-04-25,RUB_KZT,0.187560,true
2026-04-26,RUB_TJS,0.111119,true
2026-04-26,RUB_UZS,0.000765,true
2026-04-26,RUB_KGS,0.943609,true
2026-04-26,RUB_AMD,0.239650,true
2026-04-26,RUB_KZT,0.187560,true
2026-04-27,RUB_TJS,0.109196,false
2026-04-27,RUB_UZS,0.000779,false
2026-04-27,RUB_KGS,0.932990,false
2026-04-27,RUB_AMD,0.236573,false
2026-04-27,RUB_KZT,0.184552,false
2026-04-28,RUB_TJS,0.108994,false
2026-04-28,RUB_UZS,0.000786,false
2026-04-28,RUB_KGS,0.931656,false
2026-04-28,RUB_AMD,0.235041,false
2026-04-28,RUB_KZT,0.183326,false
2026-04-29,RUB_TJS,0.108449,false
2026-04-29,RUB_UZS,0.000792,false
2026-04-29,RUB_KGS,0.931574,false
2026-04-29,RUB_AMD,0.235759,false
2026-04-29,RUB_KZT,0.182318,false
2026-04-30,RUB_TJS,0.107860,false
2026-04-30,RUB_UZS,0.000792,false
2026-04-30,RUB_KGS,0.932027,false
2026-04-30,RUB_AMD,0.236186,false
2026-04-30,RUB_KZT,0.180767,false
2026-05-01,RUB_TJS,0.107379,false
2026-05-01,RUB_UZS,0.000794,false
2026-05-01,RUB_KGS,0.932060,false
2026-05-01,RUB_AMD,0.235599,false
2026-05-01,RUB_KZT,0.179931,false
2026-05-02,RUB_TJS,0.107379,true
2026-05-02,RUB_UZS,0.000794,true
2026-05-02,RUB_KGS,0.932060,true
2026-05-02,RUB_AMD,0.235599,true
2026-05-02,RUB_KZT,0.179931,true
2026-05-03,RUB_TJS,0.107379,true
2026-05-03,RUB_UZS,0.000794,true
2026-05-03,RUB_KGS,0.932060,true
2026-05-03,RUB_AMD,0.235599,true
2026-05-03,RUB_KZT,0.179931,true
2026-05-04,RUB_TJS,0.107327,false
2026-05-04,RUB_UZS,0.000803,false
2026-05-04,RUB_KGS,0.944518,false
2026-05-04,RUB_AMD,0.238992,false
2026-05-04,RUB_KZT,0.177827,false
2026-05-05,RUB_TJS,0.107553,false
2026-05-05,RUB_UZS,0.000800,false
2026-05-05,RUB_KGS,0.949693,false
2026-05-05,RUB_AMD,0.238590,false
2026-05-05,RUB_KZT,0.177632,false
2026-05-06,RUB_TJS,0.107946,false
2026-05-06,RUB_UZS,0.000800,false
2026-05-06,RUB_KGS,0.952683,false
2026-05-06,RUB_AMD,0.240013,false
2026-05-06,RUB_KZT,0.177586,false
2026-05-07,RUB_TJS,0.108336,false
2026-05-07,RUB_UZS,0.000794,false
2026-05-07,RUB_KGS,0.958017,false
2026-05-07,RUB_AMD,0.243012,false
2026-05-07,RUB_KZT,0.177735,false
2026-05-08,RUB_TJS,0.109616,false
2026-05-08,RUB_UZS,0.000794,false
2026-05-08,RUB_KGS,0.961582,false
2026-05-08,RUB_AMD,0.243389,false
2026-05-08,RUB_KZT,0.178011,false
2026-05-09,RUB_TJS,0.109616,true
2026-05-09,RUB_UZS,0.000794,true
2026-05-09,RUB_KGS,0.961582,true
2026-05-09,RUB_AMD,0.243389,true
2026-05-09,RUB_KZT,0.178011,true
2026-05-10,RUB_TJS,0.109616,true
2026-05-10,RUB_UZS,0.000794,true
2026-05-10,RUB_KGS,0.961582,true
2026-05-10,RUB_AMD,0.243389,true
2026-05-10,RUB_KZT,0.178011,true
2026-05-11,RUB_TJS,0.111293,false
2026-05-11,RUB_UZS,0.000782,false
2026-05-11,RUB_KGS,0.978056,false
2026-05-11,RUB_AMD,0.247608,false
2026-05-11,RUB_KZT,0.179855,false
2026-05-12,RUB_TJS,0.111621,false
2026-05-12,RUB_UZS,0.000772,false
2026-05-12,RUB_KGS,0.981852,false
2026-05-12,RUB_AMD,0.247715,false
2026-05-12,RUB_KZT,0.181746,false
2026-05-13,RUB_TJS,0.112097,false
2026-05-13,RUB_UZS,0.000772,false
2026-05-13,RUB_KGS,0.984278,false
2026-05-13,RUB_AMD,0.248207,false
2026-05-13,RUB_KZT,0.182670,false
2026-05-14,RUB_TJS,0.112576,false
2026-05-14,RUB_UZS,0.000764,false
2026-05-14,RUB_KGS,0.980955,false
2026-05-14,RUB_AMD,0.249939,false
2026-05-14,RUB_KZT,0.184300,false
2026-05-15,RUB_TJS,0.113301,false
2026-05-15,RUB_UZS,0.000762,false
2026-05-15,RUB_KGS,0.980395,false
2026-05-15,RUB_AMD,0.249902,false
2026-05-15,RUB_KZT,0.185332,false
2026-05-16,RUB_TJS,0.113301,true
2026-05-16,RUB_UZS,0.000762,true
2026-05-16,RUB_KGS,0.980395,true
2026-05-16,RUB_AMD,0.249902,true
2026-05-16,RUB_KZT,0.185332,true
2026-05-17,RUB_TJS,0.113301,true
2026-05-17,RUB_UZS,0.000762,true
2026-05-17,RUB_KGS,0.980395,true
2026-05-17,RUB_AMD,0.249902,true
2026-05-17,RUB_KZT,0.185332,true
2026-05-18,RUB_TJS,0.113417,false
2026-05-18,RUB_UZS,0.000758,false
2026-05-18,RUB_KGS,0.975051,false
2026-05-18,RUB_AMD,0.247096,false
2026-05-18,RUB_KZT,0.186866,false
2026-05-19,RUB_TJS,0.113360,false
2026-05-19,RUB_UZS,0.000754,false
2026-05-19,RUB_KGS,0.970374,false
2026-05-19,RUB_AMD,0.245757,false
2026-05-19,RUB_KZT,0.187613,false
2026-05-20,RUB_TJS,0.112997,false
2026-05-20,RUB_UZS,0.000756,false
2026-05-20,RUB_KGS,0.965054,false
2026-05-20,RUB_AMD,0.245563,false
2026-05-20,RUB_KZT,0.187893,false
2026-05-21,RUB_TJS,0.112547,false
2026-05-21,RUB_UZS,0.000758,false
2026-05-21,RUB_KGS,0.960706,false
2026-05-21,RUB_AMD,0.243386,false
2026-05-21,RUB_KZT,0.189148,false
2026-05-22,RUB_TJS,0.112179,false
2026-05-22,RUB_UZS,0.000758,false
2026-05-22,RUB_KGS,0.950753,false
2026-05-22,RUB_AMD,0.242146,false
2026-05-22,RUB_KZT,0.188185,false
2026-05-23,RUB_TJS,0.112179,true
2026-05-23,RUB_UZS,0.000758,true
2026-05-23,RUB_KGS,0.950753,true
2026-05-23,RUB_AMD,0.242146,true
2026-05-23,RUB_KZT,0.188185,true
2026-05-24,RUB_TJS,0.112179,true
2026-05-24,RUB_UZS,0.000758,true
2026-05-24,RUB_KGS,0.950753,true
2026-05-24,RUB_AMD,0.242146,true
2026-05-24,RUB_KZT,0.188185,true
2026-05-25,RUB_TJS,0.110228,false
2026-05-25,RUB_UZS,0.000774,false
2026-05-25,RUB_KGS,0.935605,false
2026-05-25,RUB_AMD,0.238856,false
2026-05-25,RUB_KZT,0.187702,false
2026-05-26,RUB_TJS,0.109899,false
2026-05-26,RUB_UZS,0.000779,false
2026-05-26,RUB_KGS,0.933531,false
2026-05-26,RUB_AMD,0.236347,false
2026-05-26,RUB_KZT,0.186810,false
2026-05-27,RUB_TJS,0.109353,false
2026-05-27,RUB_UZS,0.000785,false
2026-05-27,RUB_KGS,0.926875,false
2026-05-27,RUB_AMD,0.236565,false
2026-05-27,RUB_KZT,0.184780,false
2026-05-28,RUB_TJS,0.108383,false
2026-05-28,RUB_UZS,0.000787,false
2026-05-28,RUB_KGS,0.928695,false
2026-05-28,RUB_AMD,0.236258,false
2026-05-28,RUB_KZT,0.184585,false
2026-05-29,RUB_TJS,0.108044,false
2026-05-29,RUB_UZS,0.000794,false
2026-05-29,RUB_KGS,0.923341,false
2026-05-29,RUB_AMD,0.234470,false
2026-05-29,RUB_KZT,0.182826,false
2026-05-30,RUB_TJS,0.108044,true
2026-05-30,RUB_UZS,0.000794,true
2026-05-30,RUB_KGS,0.923341,true
2026-05-30,RUB_AMD,0.234470,true
2026-05-30,RUB_KZT,0.182826,true
2026-05-31,RUB_TJS,0.108044,true
2026-05-31,RUB_UZS,0.000794,true
2026-05-31,RUB_KGS,0.923341,true
2026-05-31,RUB_AMD,0.234470,true
2026-05-31,RUB_KZT,0.182826,true
2026-06-01,RUB_TJS,0.107076,false
2026-06-01,RUB_UZS,0.000798,false
2026-06-01,RUB_KGS,0.925725,false
2026-06-01,RUB_AMD,0.235696,false
2026-06-01,RUB_KZT,0.180875,false
2026-06-02,RUB_TJS,0.107345,false
2026-06-02,RUB_UZS,0.000804,false
2026-06-02,RUB_KGS,0.931363,false
2026-06-02,RUB_AMD,0.235782,false
2026-06-02,RUB_KZT,0.179083,false
2026-06-03,RUB_TJS,0.107516,false
2026-06-03,RUB_UZS,0.000801,false
2026-06-03,RUB_KGS,0.933341,false
2026-06-03,RUB_AMD,0.236976,false
2026-06-03,RUB_KZT,0.179302,false
2026-06-04,RUB_TJS,0.107131,false
2026-06-04,RUB_UZS,0.000802,false
2026-06-04,RUB_KGS,0.941290,false
2026-06-04,RUB_AMD,0.239364,false
2026-06-04,RUB_KZT,0.178394,false
2026-06-05,RUB_TJS,0.107799,false
2026-06-05,RUB_UZS,0.000805,false
2026-06-05,RUB_KGS,0.947868,false
2026-06-05,RUB_AMD,0.238964,false
2026-06-05,RUB_KZT,0.177832,false
2026-06-06,RUB_TJS,0.107799,true
2026-06-06,RUB_UZS,0.000805,true
2026-06-06,RUB_KGS,0.947868,true
2026-06-06,RUB_AMD,0.238964,true
2026-06-06,RUB_KZT,0.177832,true
2026-06-07,RUB_TJS,0.107799,true
2026-06-07,RUB_UZS,0.000805,true
2026-06-07,RUB_KGS,0.947868,true
2026-06-07,RUB_AMD,0.238964,true
2026-06-07,RUB_KZT,0.177832,true
2026-06-08,RUB_TJS,0.109071,false
2026-06-08,RUB_UZS,0.000795,false
2026-06-08,RUB_KGS,0.965333,false
2026-06-08,RUB_AMD,0.243926,false
2026-06-08,RUB_KZT,0.179309,false
2026-06-09,RUB_TJS,0.109900,false
2026-06-09,RUB_UZS,0.000790,false
2026-06-09,RUB_KGS,0.965417,false
2026-06-09,RUB_AMD,0.245015,false
2026-06-09,RUB_KZT,0.180372,false
2026-06-10,RUB_TJS,0.110767,false
2026-06-10,RUB_UZS,0.000788,false
2026-06-10,RUB_KGS,0.974417,false
2026-06-10,RUB_AMD,0.246307,false
2026-06-10,RUB_KZT,0.180795,false
2026-06-11,RUB_TJS,0.110683,false
2026-06-11,RUB_UZS,0.000782,false
2026-06-11,RUB_KGS,0.977844,false
2026-06-11,RUB_AMD,0.247064,false
2026-06-11,RUB_KZT,0.180887,false
2026-06-12,RUB_TJS,0.108900,false
2026-06-12,RUB_UZS,0.000773,false
2026-06-12,RUB_KGS,0.979435,false
2026-06-12,RUB_AMD,0.247569,false
2026-06-12,RUB_KZT,0.182530,false
2026-06-13,RUB_TJS,0.108900,true
2026-06-13,RUB_UZS,0.000773,true
2026-06-13,RUB_KGS,0.979435,true
2026-06-13,RUB_AMD,0.247569,true
2026-06-13,RUB_KZT,0.182530,true
2026-06-14,RUB_TJS,0.108900,true
2026-06-14,RUB_UZS,0.000773,true
2026-06-14,RUB_KGS,0.979435,true
2026-06-14,RUB_AMD,0.247569,true
2026-06-14,RUB_KZT,0.182530,true
2026-06-15,RUB_TJS,0.109320,false
2026-06-15,RUB_UZS,0.000765,false
2026-06-15,RUB_KGS,0.977417,false
2026-06-15,RUB_AMD,0.248329,false
2026-06-15,RUB_KZT,0.185470,false
2026-06-16,RUB_TJS,0.112878,false
2026-06-16,RUB_UZS,0.000762,false
2026-06-16,RUB_KGS,0.974037,false
2026-06-16,RUB_AMD,0.247627,false
2026-06-16,RUB_KZT,0.186365,false
2026-06-17,RUB_TJS,0.113228,false
2026-06-17,RUB_UZS,0.000762,false
2026-06-17,RUB_KGS,0.973003,false
2026-06-17,RUB_AMD,0.247810,false
2026-06-17,RUB_KZT,0.187904,false
2026-06-18,RUB_TJS,0.112667,false
2026-06-18,RUB_UZS,0.000757,false
2026-06-18,RUB_KGS,0.963624,false
2026-06-18,RUB_AMD,0.246143,false
2026-06-18,RUB_KZT,0.188485,false
2026-06-19,RUB_TJS,0.112466,false
2026-06-19,RUB_UZS,0.000760,false
2026-06-19,RUB_KGS,0.961460,false
2026-06-19,RUB_AMD,0.245202,false
2026-06-19,RUB_KZT,0.188366,false
2026-06-20,RUB_TJS,0.112466,true
2026-06-20,RUB_UZS,0.000760,true
2026-06-20,RUB_KGS,0.961460,true
2026-06-20,RUB_AMD,0.245202,true
2026-06-20,RUB_KZT,0.188366,true
2026-06-21,RUB_TJS,0.112466,true
2026-06-21,RUB_UZS,0.000760,true
2026-06-21,RUB_KGS,0.961460,true
2026-06-21,RUB_AMD,0.245202,true
2026-06-21,RUB_KZT,0.188366,true
2026-06-22,RUB_TJS,0.111539,false
2026-06-22,RUB_UZS,0.000768,false
2026-06-22,RUB_KGS,0.942774,false
2026-06-22,RUB_AMD,0.241353,false
2026-06-22,RUB_KZT,0.188508,false
2026-06-23,RUB_TJS,0.110601,false
2026-06-23,RUB_UZS,0.000771,false
2026-06-23,RUB_KGS,0.934657,false
2026-06-23,RUB_AMD,0.238737,false
2026-06-23,RUB_KZT,0.188730,false
2026-06-24,RUB_TJS,0.110160,false
2026-06-24,RUB_UZS,0.000773,false
2026-06-24,RUB_KGS,0.931619,false
2026-06-24,RUB_AMD,0.238240,false
2026-06-24,RUB_KZT,0.188145,false
2026-06-25,RUB_TJS,0.109580,false
2026-06-25,RUB_UZS,0.000776,false
2026-06-25,RUB_KGS,0.931247,false
2026-06-25,RUB_AMD,0.236513,false
2026-06-25,RUB_KZT,0.187361,false
2026-06-26,RUB_TJS,0.108966,false
2026-06-26,RUB_UZS,0.000781,false
2026-06-26,RUB_KGS,0.926780,false
2026-06-26,RUB_AMD,0.235277,false
2026-06-26,RUB_KZT,0.186727,false
2026-06-27,RUB_TJS,0.108966,true
2026-06-27,RUB_UZS,0.000781,true
2026-06-27,RUB_KGS,0.926780,true
2026-06-27,RUB_AMD,0.235277,true
2026-06-27,RUB_KZT,0.186727,true
2026-06-28,RUB_TJS,0.108966,true
2026-06-28,RUB_UZS,0.000781,true
2026-06-28,RUB_KGS,0.926780,true
2026-06-28,RUB_AMD,0.235277,true
2026-06-28,RUB_KZT,0.186727,true
2026-06-29,RUB_TJS,0.107093,false
2026-06-29,RUB_UZS,0.000794,false
2026-06-29,RUB_KGS,0.922628,false
2026-06-29,RUB_AMD,0.233655,false
2026-06-29,RUB_KZT,0.183277,false
2026-06-30,RUB_TJS,0.107186,false
2026-06-30,RUB_UZS,0.000799,false
2026-06-30,RUB_KGS,0.920479,false
2026-06-30,RUB_AMD,0.234987,false
2026-06-30,RUB_KZT,0.181890,false
2026-07-01,RUB_TJS,0.107152,false
2026-07-01,RUB_UZS,0.000812,false
2026-07-01,RUB_KGS,0.924160,false
2026-07-01,RUB_AMD,0.234463,false
2026-07-01,RUB_KZT,0.180597,false
2026-07-02,RUB_TJS,0.106220,false
2026-07-02,RUB_UZS,0.000816,false
2026-07-02,RUB_KGS,0.925199,false
2026-07-02,RUB_AMD,0.235851,false
2026-07-02,RUB_KZT,0.180618,false
2026-07-03,RUB_TJS,0.106508,false
2026-07-03,RUB_UZS,0.000813,false
2026-07-03,RUB_KGS,0.926594,false
2026-07-03,RUB_AMD,0.236826,false
2026-07-03,RUB_KZT,0.179220,false
2026-07-04,RUB_TJS,0.106508,true
2026-07-04,RUB_UZS,0.000813,true
2026-07-04,RUB_KGS,0.926594,true
2026-07-04,RUB_AMD,0.236826,true
2026-07-04,RUB_KZT,0.179220,true
2026-07-05,RUB_TJS,0.106508,true
2026-07-05,RUB_UZS,0.000813,true
2026-07-05,RUB_KGS,0.926594,true
2026-07-05,RUB_AMD,0.236826,true
2026-07-05,RUB_KZT,0.179220,true
2026-07-06,RUB_TJS,0.107246,false
2026-07-06,RUB_UZS,0.000813,false
2026-07-06,RUB_KGS,0.941434,false
2026-07-06,RUB_AMD,0.239079,false
2026-07-06,RUB_KZT,0.179357,false
2026-07-07,RUB_TJS,0.107975,false
2026-07-07,RUB_UZS,0.000809,false
2026-07-07,RUB_KGS,0.950126,false
2026-07-07,RUB_AMD,0.240780,false
2026-07-07,RUB_KZT,0.178882,false
2026-07-08,RUB_TJS,0.108154,false
2026-07-08,RUB_UZS,0.000811,false
2026-07-08,RUB_KGS,0.956097,false
2026-07-08,RUB_AMD,0.243605,false
2026-07-08,RUB_KZT,0.178946,false
2026-07-09,RUB_TJS,0.109093,false
2026-07-09,RUB_UZS,0.000804,false
2026-07-09,RUB_KGS,0.960071,false
2026-07-09,RUB_AMD,0.244474,false
2026-07-09,RUB_KZT,0.179415,false
2026-07-10,RUB_TJS,0.109667,false
2026-07-10,RUB_UZS,0.000800,false
2026-07-10,RUB_KGS,0.965822,false
2026-07-10,RUB_AMD,0.244431,false
2026-07-10,RUB_KZT,0.180626,false
2026-07-11,RUB_TJS,0.109667,true
2026-07-11,RUB_UZS,0.000800,true
2026-07-11,RUB_KGS,0.965822,true
2026-07-11,RUB_AMD,0.244431,true
2026-07-11,RUB_KZT,0.180626,true
2026-07-12,RUB_TJS,0.109667,true
2026-07-12,RUB_UZS,0.000800,true
2026-07-12,RUB_KGS,0.965822,true
2026-07-12,RUB_AMD,0.244431,true
2026-07-12,RUB_KZT,0.180626,true
2026-07-13,RUB_TJS,0.111220,false
2026-07-13,RUB_UZS,0.000784,false
2026-07-13,RUB_KGS,0.973901,false
2026-07-13,RUB_AMD,0.247332,false
2026-07-13,RUB_KZT,0.183752,false
2026-07-14,RUB_TJS,0.112309,false
2026-07-14,RUB_UZS,0.000779,false
2026-07-14,RUB_KGS,0.972348,false
2026-07-14,RUB_AMD,0.247578,false
2026-07-14,RUB_KZT,0.185466,false
2026-07-15,RUB_TJS,0.112422,false
2026-07-15,RUB_UZS,0.000780,false
2026-07-15,RUB_KGS,0.970350,false
2026-07-15,RUB_AMD,0.248545,false
2026-07-15,RUB_KZT,0.186486,false
2026-07-16,RUB_TJS,0.112894,false
2026-07-16,RUB_UZS,0.000777,false
2026-07-16,RUB_KGS,0.970170,false
2026-07-16,RUB_AMD,0.247838,false
2026-07-16,RUB_KZT,0.186724,false
2026-07-17,RUB_TJS,0.112420,false
2026-07-17,RUB_UZS,0.000776,false
2026-07-17,RUB_KGS,0.968126,false
2026-07-17,RUB_AMD,0.246125,false
2026-07-17,RUB_KZT,0.187545,false
2026-07-18,RUB_TJS,0.112420,true
2026-07-18,RUB_UZS,0.000776,true
2026-07-18,RUB_KGS,0.968126,true
2026-07-18,RUB_AMD,0.246125,true
2026-07-18,RUB_KZT,0.187545,true
2026-07-19,RUB_TJS,0.112420,true
2026-07-19,RUB_UZS,0.000776,true
2026-07-19,RUB_KGS,0.968126,true
2026-07-19,RUB_AMD,0.246125,true
2026-07-19,RUB_KZT,0.187545,true
2026-07-20,RUB_TJS,0.112507,false
2026-07-20,RUB_UZS,0.000774,false
2026-07-20,RUB_KGS,0.948724,false
2026-07-20,RUB_AMD,0.244398,false
2026-07-20,RUB_KZT,0.189450,false
2026-07-21,RUB_TJS,0.111457,false
2026-07-21,RUB_UZS,0.000773,false
2026-07-21,RUB_KGS,0.946269,false
2026-07-21,RUB_AMD,0.242204,false
2026-07-21,RUB_KZT,0.190125,false
2026-07-22,RUB_TJS,0.111012,false
2026-07-22,RUB_UZS,0.000775,false
2026-07-22,RUB_KGS,0.936648,false
2026-07-22,RUB_AMD,0.241943,false
2026-07-22,RUB_KZT,0.189236,false
2026-07-23,RUB_TJS,0.110947,false
2026-07-23,RUB_UZS,0.000780,false
2026-07-23,RUB_KGS,0.935715,false
2026-07-23,RUB_AMD,0.240192,false
2026-07-23,RUB_KZT,0.189711,false
2026-07-24,RUB_TJS,0.110298,false
2026-07-24,RUB_UZS,0.000784,false
2026-07-24,RUB_KGS,0.930656,false
2026-07-24,RUB_AMD,0.238654,false
2026-07-24,RUB_KZT,0.188460,false
2026-07-25,RUB_TJS,0.110298,true
2026-07-25,RUB_UZS,0.000784,true
2026-07-25,RUB_KGS,0.930656,true
2026-07-25,RUB_AMD,0.238654,true
2026-07-25,RUB_KZT,0.188460,true
2026-07-26,RUB_TJS,0.110298,true
2026-07-26,RUB_UZS,0.000784,true
2026-07-26,RUB_KGS,0.930656,true
2026-07-26,RUB_AMD,0.238654,true
2026-07-26,RUB_KZT,0.188460,true
2026-07-27,RUB_TJS,0.108116,false
2026-07-27,RUB_UZS,0.000797,false
2026-07-27,RUB_KGS,0.918887,false
2026-07-27,RUB_AMD,0.234401,false
2026-07-27,RUB_KZT,0.186203,false
2026-07-28,RUB_TJS,0.107922,false
2026-07-28,RUB_UZS,0.000804,false
2026-07-28,RUB_KGS,0.917543,false
2026-07-28,RUB_AMD,0.234204,false
2026-07-28,RUB_KZT,0.184392,false
2026-07-29,RUB_TJS,0.107369,false
2026-07-29,RUB_UZS,0.000809,false
2026-07-29,RUB_KGS,0.912222,false
2026-07-29,RUB_AMD,0.234406,false
2026-07-29,RUB_KZT,0.183835,false
2026-07-30,RUB_TJS,0.106325,false
2026-07-30,RUB_UZS,0.000814,false
2026-07-30,RUB_KGS,0.914024,false
2026-07-30,RUB_AMD,0.232846,false
2026-07-30,RUB_KZT,0.182504,false
2026-07-31,RUB_TJS,0.106507,false
2026-07-31,RUB_UZS,0.000813,false
2026-07-31,RUB_KGS,0.916937,false
2026-07-31,RUB_AMD,0.233256,false
2026-07-31,RUB_KZT,0.181568,false
2026-08-01,RUB_TJS,0.106507,true
2026-08-01,RUB_UZS,0.000813,true
2026-08-01,RUB_KGS,0.916937,true
2026-08-01,RUB_AMD,0.233256,true
2026-08-01,RUB_KZT,0.181568,true
2026-08-02,RUB_TJS,0.106507,true
2026-08-02,RUB_UZS,0.000813,true
2026-08-02,RUB_KGS,0.916937,true
2026-08-02,RUB_AMD,0.233256,true
2026-08-02,RUB_KZT,0.181568,true
2026-08-03,RUB_TJS,0.106202,false
2026-08-03,RUB_UZS,0.000819,false
2026-08-03,RUB_KGS,0.926728,false
2026-08-03,RUB_AMD,0.236132,false
2026-08-03,RUB_KZT,0.179671,false
2026-08-04,RUB_TJS,0.106359,false
2026-08-04,RUB_UZS,0.000820,false
2026-08-04,RUB_KGS,0.934409,false
2026-08-04,RUB_AMD,0.238314,false
2026-08-04,RUB_KZT,0.178955,false
2026-08-05,RUB_TJS,0.106694,false
2026-08-05,RUB_UZS,0.000815,false
2026-08-05,RUB_KGS,0.938730,false
2026-08-05,RUB_AMD,0.239644,false
2026-08-05,RUB_KZT,0.178516,false
2026-08-06,RUB_TJS,0.107067,false
2026-08-06,RUB_UZS,0.000816,false
2026-08-06,RUB_KGS,0.941527,false
2026-08-06,RUB_AMD,0.240313,false
2026-08-06,RUB_KZT,0.179038,false
2026-08-07,RUB_TJS,0.107634,false
2026-08-07,RUB_UZS,0.000810,false
2026-08-07,RUB_KGS,0.946435,false
2026-08-07,RUB_AMD,0.242244,false
2026-08-07,RUB_KZT,0.180338,false
2026-08-08,RUB_TJS,0.107634,true
2026-08-08,RUB_UZS,0.000810,true
2026-08-08,RUB_KGS,0.946435,true
2026-08-08,RUB_AMD,0.242244,true
2026-08-08,RUB_KZT,0.180338,true
2026-08-09,RUB_TJS,0.107634,true
2026-08-09,RUB_UZS,0.000810,true
2026-08-09,RUB_KGS,0.946435,true
2026-08-09,RUB_AMD,0.242244,true
2026-08-09,RUB_KZT,0.180338,true
2026-08-10,RUB_TJS,0.109920,false
2026-08-10,RUB_UZS,0.000803,false
2026-08-10,RUB_KGS,0.956669,false
2026-08-10,RUB_AMD,0.245860,false
2026-08-10,RUB_KZT,0.181189,false
2026-08-11,RUB_TJS,0.110644,false
2026-08-11,RUB_UZS,0.000794,false
2026-08-11,RUB_KGS,0.965830,false
2026-08-11,RUB_AMD,0.245409,false
2026-08-11,RUB_KZT,0.182581,false
2026-08-12,RUB_TJS,0.110755,false
2026-08-12,RUB_UZS,0.000791,false
2026-08-12,RUB_KGS,0.967627,false
2026-08-12,RUB_AMD,0.247050,false
2026-08-12,RUB_KZT,0.183677,false
2026-08-13,RUB_TJS,0.111611,false
2026-08-13,RUB_UZS,0.000786,false
2026-08-13,RUB_KGS,0.963570,false
2026-08-13,RUB_AMD,0.248122,false
2026-08-13,RUB_KZT,0.184764,false
2026-08-14,RUB_TJS,0.111302,false
2026-08-14,RUB_UZS,0.000783,false
2026-08-14,RUB_KGS,0.966195,false
2026-08-14,RUB_AMD,0.246616,false
2026-08-14,RUB_KZT,0.186509,false
2026-08-15,RUB_TJS,0.111302,true
2026-08-15,RUB_UZS,0.000783,true
2026-08-15,RUB_KGS,0.966195,true
2026-08-15,RUB_AMD,0.246616,true
2026-08-15,RUB_KZT,0.186509,true
2026-08-16,RUB_TJS,0.111302,true
2026-08-16,RUB_UZS,0.000783,true
2026-08-16,RUB_KGS,0.966195,true
2026-08-16,RUB_AMD,0.246616,true
2026-08-16,RUB_KZT,0.186509,true
2026-08-17,RUB_TJS,0.112184,false
2026-08-17,RUB_UZS,0.000779,false
2026-08-17,RUB_KGS,0.959305,false
2026-08-17,RUB_AMD,0.245196,false
2026-08-17,RUB_KZT,0.188436,false
2026-08-18,RUB_TJS,0.112539,false
2026-08-18,RUB_UZS,0.000775,false
2026-08-18,RUB_KGS,0.952681,false
2026-08-18,RUB_AMD,0.244499,false
2026-08-18,RUB_KZT,0.189978,false
2026-08-19,RUB_TJS,0.111901,false
2026-08-19,RUB_UZS,0.000777,false
2026-08-19,RUB_KGS,0.945293,false
2026-08-19,RUB_AMD,0.244607,false
2026-08-19,RUB_KZT,0.190498,false
2026-08-20,RUB_TJS,0.111729,false
2026-08-20,RUB_UZS,0.000780,false
2026-08-20,RUB_KGS,0.944736,false
2026-08-20,RUB_AMD,0.241593,false
2026-08-20,RUB_KZT,0.190448,false
2026-08-21,RUB_TJS,0.110883,false
2026-08-21,RUB_UZS,0.000779,false
2026-08-21,RUB_KGS,0.933601,false
2026-08-21,RUB_AMD,0.240099,false
2026-08-21,RUB_KZT,0.190263,false
2026-08-22,RUB_TJS,0.110883,true
2026-08-22,RUB_UZS,0.000779,true
2026-08-22,RUB_KGS,0.933601,true
2026-08-22,RUB_AMD,0.240099,true
2026-08-22,RUB_KZT,0.190263,true
2026-08-23,RUB_TJS,0.110883,true
2026-08-23,RUB_UZS,0.000779,true
2026-08-23,RUB_KGS,0.933601,true
2026-08-23,RUB_AMD,0.240099,true
2026-08-23,RUB_KZT,0.190263,true
2026-08-24,RUB_TJS,0.109400,false
2026-08-24,RUB_UZS,0.000792,false
2026-08-24,RUB_KGS,0.919573,false
2026-08-24,RUB_AMD,0.236240,false
2026-08-24,RUB_KZT,0.188598,false
2026-08-25,RUB_TJS,0.108511,false
2026-08-25,RUB_UZS,0.000798,false
2026-08-25,RUB_KGS,0.913909,false
2026-08-25,RUB_AMD,0.234757,false
2026-08-25,RUB_KZT,0.187855,false
2026-08-26,RUB_TJS,0.107535,false
2026-08-26,RUB_UZS,0.000799,false
2026-08-26,RUB_KGS,0.913670,false
2026-08-26,RUB_AMD,0.233869,false
2026-08-26,RUB_KZT,0.186340,false
2026-08-27,RUB_TJS,0.107600,false
2026-08-27,RUB_UZS,0.000804,false
2026-08-27,RUB_KGS,0.907688,false
2026-08-27,RUB_AMD,0.233687,false
2026-08-27,RUB_KZT,0.185292,false
2026-08-28,RUB_TJS,0.106815,false
2026-08-28,RUB_UZS,0.000806,false
2026-08-28,RUB_KGS,0.908079,false
2026-08-28,RUB_AMD,0.233940,false
2026-08-28,RUB_KZT,0.185505,false
2026-08-29,RUB_TJS,0.106815,true
2026-08-29,RUB_UZS,0.000806,true
2026-08-29,RUB_KGS,0.908079,true
2026-08-29,RUB_AMD,0.233940,true
2026-08-29,RUB_KZT,0.185505,true
2026-08-30,RUB_TJS,0.106815,true
2026-08-30,RUB_UZS,0.000806,true
2026-08-30,RUB_KGS,0.908079,true
2026-08-30,RUB_AMD,0.233940,true
2026-08-30,RUB_KZT,0.185505,true
2026-08-31,RUB_TJS,0.105843,false
2026-08-31,RUB_UZS,0.000817,false
2026-08-31,RUB_KGS,0.914366,false
2026-08-31,RUB_AMD,0.233257,false
2026-08-31,RUB_KZT,0.181326,false
